date,club,country,elo
2023-01-01,Arsenal,ENG,1933.81
2023-01-01,Aston Villa,ENG,1739.26
2023-01-01,Birmingham,ENG,1464.44
2023-01-01,Blackburn,ENG,1514.95
2023-01-01,Blackpool,ENG,1439.75
2023-01-01,Bournemouth,ENG,1646.68
2023-01-01,Brentford,ENG,1754.92
2023-01-01,Brighton,ENG,1791.14
2023-01-01,Bristol City,ENG,1459.9
2023-01-01,Burnley,ENG,1707.17
2023-01-01,Cardiff,ENG,1461.14
2023-01-01,Chelsea,ENG,1884.17
2023-01-01,Coventry,ENG,1519.85
2023-01-01,Crystal Palace,ENG,1753.38
2023-01-01,Everton,ENG,1695.72
2023-01-01,Fulham,ENG,1704.49
2023-01-01,Huddersfield,ENG,1505.25
2023-01-01,Hull,ENG,1446.3
2023-01-01,Leeds,ENG,1712.42
2023-01-01,Leicester City,ENG,1769.74
2023-01-01,Liverpool,ENG,2006.19
2023-01-01,Luton Town,ENG,1549.67
2023-01-01,Manchester City,ENG,2024.33
2023-01-01,Manchester Utd,ENG,1858.39
2023-01-01,Middlesbrough,ENG,1546.3
2023-01-01,Millwall,ENG,1544.18
2023-01-01,Newcastle,ENG,1849.75
2023-01-01,Norwich,ENG,1549.81
2023-01-01,Nottingham,ENG,1624.77
2023-01-01,Preston,ENG,1502.98
2023-01-01,QPR,ENG,1491.09
2023-01-01,Reading,ENG,1466.54
2023-01-01,Rotherham,ENG,1425.79
2023-01-01,Sheffield United,ENG,1638.77
2023-01-01,Southampton,ENG,1657.57
2023-01-01,Stoke,ENG,1494.53
2023-01-01,Sunderland,ENG,1502.43
2023-01-01,Swansea,ENG,1524.37
2023-01-01,Tottenham,ENG,1872.78
2023-01-01,Watford,ENG,1552.1
2023-01-01,West Bromwich Albion,ENG,1549.84
2023-01-01,West Ham,ENG,1748.67
2023-01-01,Wigan,ENG,1400.47
2023-01-01,Wolves,ENG,1685.84
2023-01-15,Arsenal,ENG,1930.57
2023-01-15,Aston Villa,ENG,1759.75
2023-01-15,Birmingham,ENG,1444.81
2023-01-15,Blackburn,ENG,1500.88
2023-01-15,Blackpool,ENG,1434.26
2023-01-15,Bournemouth,ENG,1636.04
2023-01-15,Brentford,ENG,1779.65
2023-01-15,Brighton,ENG,1823.11
2023-01-15,Bristol City,ENG,1472.51
2023-01-15,Burnley,ENG,1714.71
2023-01-15,Cardiff,ENG,1452.51
2023-01-15,Chelsea,ENG,1862.17
2023-01-15,Coventry,ENG,1514.06
2023-01-15,Crystal Palace,ENG,1741.03
2023-01-15,Everton,ENG,1674.79
2023-01-15,Fulham,ENG,1726.15
2023-01-15,Huddersfield,ENG,1497.09
2023-01-15,Hull,ENG,1460.05
2023-01-15,Leeds,ENG,1706.46
2023-01-15,Leicester City,ENG,1744.72
2023-01-15,Liverpool,ENG,1966.57
2023-01-15,Luton Town,ENG,1548.56
2023-01-15,Manchester City,ENG,2018.16
2023-01-15,Manchester Utd,ENG,1874.46
2023-01-15,Middlesbrough,ENG,1563.2
2023-01-15,Millwall,ENG,1544.62
2023-01-15,Newcastle,ENG,1853.0
2023-01-15,Norwich,ENG,1557.43
2023-01-15,Nottingham,ENG,1654.59
2023-01-15,Preston,ENG,1495.25
2023-01-15,QPR,ENG,1494.17
2023-01-15,Reading,ENG,1461.41
2023-01-15,Rotherham,ENG,1438.06
2023-01-15,Sheffield United,ENG,1641.14
2023-01-15,Southampton,ENG,1657.72
2023-01-15,Stoke,ENG,1480.15
2023-01-15,Sunderland,ENG,1489.71
2023-01-15,Swansea,ENG,1531.88
2023-01-15,Tottenham,ENG,1867.87
2023-01-15,Watford,ENG,1567.37
2023-01-15,West Bromwich Albion,ENG,1564.12
2023-01-15,West Ham,ENG,1739.55
2023-01-15,Wigan,ENG,1389.7
2023-01-15,Wolves,ENG,1697.68
2023-02-01,Arsenal,ENG,1946.27
2023-02-01,Aston Villa,ENG,1766.03
2023-02-01,Birmingham,ENG,1437.01
2023-02-01,Blackburn,ENG,1501.11
2023-02-01,Blackpool,ENG,1434.26
2023-02-01,Bournemouth,ENG,1635.53
2023-02-01,Brentford,ENG,1778.54
2023-02-01,Brighton,ENG,1821.91
2023-02-01,Bristol City,ENG,1472.28
2023-02-01,Burnley,ENG,1718.49
2023-02-01,Cardiff,ENG,1441.19
2023-02-01,Chelsea,ENG,1870.25
2023-02-01,Coventry,ENG,1512.74
2023-02-01,Crystal Palace,ENG,1741.85
2023-02-01,Everton,ENG,1666.92
2023-02-01,Fulham,ENG,1716.52
2023-02-01,Huddersfield,ENG,1487.13
2023-02-01,Hull,ENG,1470.92
2023-02-01,Leeds,ENG,1707.56
2023-02-01,Leicester City,ENG,1745.92
2023-02-01,Liverpool,ENG,1962.84
2023-02-01,Luton Town,ENG,1560.1
2023-02-01,Manchester City,ENG,2025.65
2023-02-01,Manchester Utd,ENG,1866.17
2023-02-01,Middlesbrough,ENG,1560.86
2023-02-01,Millwall,ENG,1551.39
2023-02-01,Newcastle,ENG,1854.86
2023-02-01,Norwich,ENG,1568.72
2023-02-01,Nottingham,ENG,1655.1
2023-02-01,Preston,ENG,1503.04
2023-02-01,QPR,ENG,1480.09
2023-02-01,Reading,ENG,1448.23
2023-02-01,Rotherham,ENG,1442.5
2023-02-01,Sheffield United,ENG,1644.39
2023-02-01,Southampton,ENG,1651.44
2023-02-01,Stoke,ENG,1493.33
2023-02-01,Sunderland,ENG,1502.54
2023-02-01,Swansea,ENG,1531.84
2023-02-01,Tottenham,ENG,1858.2
2023-02-01,Watford,ENG,1552.43
2023-02-01,West Bromwich Albion,ENG,1560.34
2023-02-01,West Ham,ENG,1747.41
2023-02-01,Wigan,ENG,1382.71
2023-02-01,Wolves,ENG,1695.05
2023-02-15,Arsenal,ENG,1926.04
2023-02-15,Aston Villa,ENG,1748.55
2023-02-15,Birmingham,ENG,1446.99
2023-02-15,Blackburn,ENG,1498.15
2023-02-15,Blackpool,ENG,1425.6
2023-02-15,Bournemouth,ENG,1635.76
2023-02-15,Brentford,ENG,1789.18
2023-02-15,Brighton,ENG,1822.36
2023-02-15,Bristol City,ENG,1489.62
2023-02-15,Burnley,ENG,1724.69
2023-02-15,Cardiff,ENG,1439.68
2023-02-15,Chelsea,ENG,1861.85
2023-02-15,Coventry,ENG,1514.26
2023-02-15,Crystal Palace,ENG,1737.58
2023-02-15,Everton,ENG,1676.56
2023-02-15,Fulham,ENG,1728.06
2023-02-15,Huddersfield,ENG,1474.43
2023-02-15,Hull,ENG,1470.07
2023-02-15,Leeds,ENG,1696.18
2023-02-15,Leicester City,ENG,1774.42
2023-02-15,Liverpool,ENG,1940.34
2023-02-15,Luton Town,ENG,1563.73
2023-02-15,Manchester City,ENG,2016.03
2023-02-15,Manchester Utd,ENG,1870.71
2023-02-15,Middlesbrough,ENG,1574.83
2023-02-15,Millwall,ENG,1546.81
2023-02-15,Newcastle,ENG,1844.86
2023-02-15,Norwich,ENG,1556.65
2023-02-15,Nottingham,ENG,1654.25
2023-02-15,Preston,ENG,1487.78
2023-02-15,QPR,ENG,1457.93
2023-02-15,Reading,ENG,1450.13
2023-02-15,Rotherham,ENG,1439.3
2023-02-15,Sheffield United,ENG,1645.89
2023-02-15,Southampton,ENG,1635.75
2023-02-15,Stoke,ENG,1485.02
2023-02-15,Sunderland,ENG,1523.75
2023-02-15,Swansea,ENG,1511.8
2023-02-15,Tottenham,ENG,1847.08
2023-02-15,Watford,ENG,1552.3
2023-02-15,West Bromwich Albion,ENG,1550.63
2023-02-15,West Ham,ENG,1752.06
2023-02-15,Wigan,ENG,1395.23
2023-02-15,Wolves,ENG,1725.1
2023-03-01,Arsenal,ENG,1926.27
2023-03-01,Aston Villa,ENG,1750.49
2023-03-01,Birmingham,ENG,1426.26
2023-03-01,Blackburn,ENG,1522.09
2023-03-01,Blackpool,ENG,1413.38
2023-03-01,Bournemouth,ENG,1642.21
2023-03-01,Brentford,ENG,1784.35
2023-03-01,Brighton,ENG,1808.56
2023-03-01,Bristol City,ENG,1492.4
2023-03-01,Burnley,ENG,1728.33
2023-03-01,Cardiff,ENG,1438.6
2023-03-01,Chelsea,ENG,1831.93
2023-03-01,Coventry,ENG,1529.4
2023-03-01,Crystal Palace,ENG,1742.18
2023-03-01,Everton,ENG,1670.75
2023-03-01,Fulham,ENG,1735.54
2023-03-01,Huddersfield,ENG,1462.95
2023-03-01,Hull,ENG,1460.78
2023-03-01,Leeds,ENG,1692.51
2023-03-01,Leicester City,ENG,1759.36
2023-03-01,Liverpool,ENG,1929.21
2023-03-01,Luton Town,ENG,1560.28
2023-03-01,Manchester City,ENG,2019.35
2023-03-01,Manchester Utd,ENG,1887.84
2023-03-01,Middlesbrough,ENG,1582.09
2023-03-01,Millwall,ENG,1566.61
2023-03-01,Newcastle,ENG,1833.16
2023-03-01,Norwich,ENG,1563.53
2023-03-01,Nottingham,ENG,1649.34
2023-03-01,Preston,ENG,1491.88
2023-03-01,QPR,ENG,1439.31
2023-03-01,Reading,ENG,1449.79
2023-03-01,Rotherham,ENG,1439.07
2023-03-01,Sheffield United,ENG,1624.2
2023-03-01,Southampton,ENG,1642.03
2023-03-01,Stoke,ENG,1491.34
2023-03-01,Sunderland,ENG,1503.29
2023-03-01,Swansea,ENG,1490.58
2023-03-01,Tottenham,ENG,1860.91
2023-03-01,Watford,ENG,1551.6
2023-03-01,West Bromwich Albion,ENG,1550.64
2023-03-01,West Ham,ENG,1753.39
2023-03-01,Wigan,ENG,1395.11
2023-03-01,Wolves,ENG,1713.34
2023-03-15,Arsenal,ENG,1948.01
2023-03-15,Aston Villa,ENG,1766.34
2023-03-15,Birmingham,ENG,1437.46
2023-03-15,Blackburn,ENG,1532.3
2023-03-15,Blackpool,ENG,1436.81
2023-03-15,Bournemouth,ENG,1662.39
2023-03-15,Brentford,ENG,1787.93
2023-03-15,Brighton,ENG,1825.34
2023-03-15,Bristol City,ENG,1496.62
2023-03-15,Burnley,ENG,1732.11
2023-03-15,Cardiff,ENG,1450.15
2023-03-15,Chelsea,ENG,1867.66
2023-03-15,Coventry,ENG,1546.65
2023-03-15,Crystal Palace,ENG,1740.55
2023-03-15,Everton,ENG,1685.34
2023-03-15,Fulham,ENG,1730.36
2023-03-15,Huddersfield,ENG,1450.29
2023-03-15,Hull,ENG,1485.33
2023-03-15,Leeds,ENG,1698.91
2023-03-15,Leicester City,ENG,1747.95
2023-03-15,Liverpool,ENG,1941.56
2023-03-15,Luton Town,ENG,1584.47
2023-03-15,Manchester City,ENG,2043.75
2023-03-15,Manchester Utd,ENG,1881.81
2023-03-15,Middlesbrough,ENG,1604.06
2023-03-15,Millwall,ENG,1575.97
2023-03-15,Newcastle,ENG,1841.24
2023-03-15,Norwich,ENG,1569.14
2023-03-15,Nottingham,ENG,1652.36
2023-03-15,Preston,ENG,1518.9
2023-03-15,QPR,ENG,1431.03
2023-03-15,Reading,ENG,1438.03
2023-03-15,Rotherham,ENG,1438.46
2023-03-15,Sheffield United,ENG,1616.55
2023-03-15,Southampton,ENG,1666.37
2023-03-15,Stoke,ENG,1529.59
2023-03-15,Sunderland,ENG,1503.81
2023-03-15,Swansea,ENG,1479.41
2023-03-15,Tottenham,ENG,1854.12
2023-03-15,Watford,ENG,1554.25
2023-03-15,West Bromwich Albion,ENG,1553.57
2023-03-15,West Ham,ENG,1751.38
2023-03-15,Wigan,ENG,1399.45
2023-03-15,Wolves,ENG,1724.16
2023-04-01,Arsenal,ENG,1942.0
2023-04-01,Aston Villa,ENG,1771.43
2023-04-01,Birmingham,ENG,1444.53
2023-04-01,Blackburn,ENG,1534.48
2023-04-01,Blackpool,ENG,1422.98
2023-04-01,Bournemouth,ENG,1652.87
2023-04-01,Brentford,ENG,1791.74
2023-04-01,Brighton,ENG,1827.83
2023-04-01,Bristol City,ENG,1480.0
2023-04-01,Burnley,ENG,1728.29
2023-04-01,Cardiff,ENG,1449.29
2023-04-01,Chelsea,ENG,1859.51
2023-04-01,Coventry,ENG,1556.06
2023-04-01,Crystal Palace,ENG,1729.0
2023-04-01,Everton,ENG,1689.08
2023-04-01,Fulham,ENG,1728.15
2023-04-01,Huddersfield,ENG,1462.59
2023-04-01,Hull,ENG,1478.12
2023-04-01,Leeds,ENG,1711.11
2023-04-01,Leicester City,ENG,1748.66
2023-04-01,Liverpool,ENG,1933.89
2023-04-01,Luton Town,ENG,1585.79
2023-04-01,Manchester City,ENG,2041.54
2023-04-01,Manchester Utd,ENG,1883.71
2023-04-01,Middlesbrough,ENG,1611.17
2023-04-01,Millwall,ENG,1561.03
2023-04-01,Newcastle,ENG,1843.9
2023-04-01,Norwich,ENG,1565.66
2023-04-01,Nottingham,ENG,1645.28
2023-04-01,Preston,ENG,1507.37
2023-04-01,QPR,ENG,1419.53
2023-04-01,Reading,ENG,1431.16
2023-04-01,Rotherham,ENG,1436.25
2023-04-01,Sheffield United,ENG,1620.98
2023-04-01,Southampton,ENG,1659.07
2023-04-01,Stoke,ENG,1526.86
2023-04-01,Sunderland,ENG,1502.87
2023-04-01,Swansea,ENG,1487.03
2023-04-01,Tottenham,ENG,1848.05
2023-04-01,Watford,ENG,1546.63
2023-04-01,West Bromwich Albion,ENG,1550.0
2023-04-01,West Ham,ENG,1751.75
2023-04-01,Wigan,ENG,1402.65
2023-04-01,Wolves,ENG,1707.54
2023-04-15,Arsenal,ENG,1946.85
2023-04-15,Aston Villa,ENG,1801.51
2023-04-15,Birmingham,ENG,1455.72
2023-04-15,Blackburn,ENG,1513.82
2023-04-15,Blackpool,ENG,1399.59
2023-04-15,Bournemouth,ENG,1665.28
2023-04-15,Brentford,ENG,1782.33
2023-04-15,Brighton,ENG,1826.65
2023-04-15,Bristol City,ENG,1490.01
2023-04-15,Burnley,ENG,1740.74
2023-04-15,Cardiff,ENG,1445.33
2023-04-15,Chelsea,ENG,1827.19
2023-04-15,Coventry,ENG,1534.56
2023-04-15,Crystal Palace,ENG,1754.0
2023-04-15,Everton,ENG,1687.98
2023-04-15,Fulham,ENG,1710.9
2023-04-15,Huddersfield,ENG,1488.14
2023-04-15,Hull,ENG,1487.08
2023-04-15,Leeds,ENG,1694.97
2023-04-15,Leicester City,ENG,1722.06
2023-04-15,Liverpool,ENG,1925.26
2023-04-15,Luton Town,ENG,1598.95
2023-04-15,Manchester City,ENG,2060.53
2023-04-15,Manchester Utd,ENG,1878.95
2023-04-15,Middlesbrough,ENG,1601.32
2023-04-15,Millwall,ENG,1552.6
2023-04-15,Newcastle,ENG,1876.32
2023-04-15,Norwich,ENG,1553.29
2023-04-15,Nottingham,ENG,1635.67
2023-04-15,Preston,ENG,1528.67
2023-04-15,QPR,ENG,1407.6
2023-04-15,Reading,ENG,1428.5
2023-04-15,Rotherham,ENG,1457.15
2023-04-15,Sheffield United,ENG,1625.38
2023-04-15,Southampton,ENG,1652.03
2023-04-15,Stoke,ENG,1535.33
2023-04-15,Sunderland,ENG,1508.95
2023-04-15,Swansea,ENG,1505.33
2023-04-15,Tottenham,ENG,1851.72
2023-04-15,Watford,ENG,1529.01
2023-04-15,West Bromwich Albion,ENG,1530.54
2023-04-15,West Ham,ENG,1751.62
2023-04-15,Wigan,ENG,1397.56
2023-04-15,Wolves,ENG,1717.96
2023-05-01,Arsenal,ENG,1921.98
2023-05-01,Aston Villa,ENG,1808.92
2023-05-01,Birmingham,ENG,1438.35
2023-05-01,Blackburn,ENG,1501.51
2023-05-01,Blackpool,ENG,1396.45
2023-05-01,Bournemouth,ENG,1679.01
2023-05-01,Brentford,ENG,1782.07
2023-05-01,Brighton,ENG,1824.47
2023-05-01,Bristol City,ENG,1474.06
2023-05-01,Burnley,ENG,1713.95
2023-05-01,Cardiff,ENG,1450.69
2023-05-01,Chelsea,ENG,1789.99
2023-05-01,Coventry,ENG,1549.53
2023-05-01,Crystal Palace,ENG,1749.28
2023-05-01,Everton,ENG,1664.74
2023-05-01,Fulham,ENG,1715.74
2023-05-01,Huddersfield,ENG,1486.42
2023-05-01,Hull,ENG,1484.65
2023-05-01,Leeds,ENG,1662.22
2023-05-01,Leicester City,ENG,1720.8
2023-05-01,Liverpool,ENG,1937.75
2023-05-01,Luton Town,ENG,1603.93
2023-05-01,Manchester City,ENG,2066.56
2023-05-01,Manchester Utd,ENG,1857.52
2023-05-01,Middlesbrough,ENG,1593.62
2023-05-01,Millwall,ENG,1537.72
2023-05-01,Newcastle,ENG,1879.39
2023-05-01,Norwich,ENG,1519.46
2023-05-01,Nottingham,ENG,1635.79
2023-05-01,Preston,ENG,1494.79
2023-05-01,QPR,ENG,1421.34
2023-05-01,Reading,ENG,1425.53
2023-05-01,Rotherham,ENG,1432.74
2023-05-01,Sheffield United,ENG,1641.27
2023-05-01,Southampton,ENG,1631.33
2023-05-01,Stoke,ENG,1494.24
2023-05-01,Sunderland,ENG,1514.07
2023-05-01,Swansea,ENG,1532.03
2023-05-01,Tottenham,ENG,1813.11
2023-05-01,Watford,ENG,1507.29
2023-05-01,West Bromwich Albion,ENG,1531.94
2023-05-01,West Ham,ENG,1758.54
2023-05-01,Wigan,ENG,1409.61
2023-05-01,Wolves,ENG,1715.4
2023-05-15,Arsenal,ENG,1918.08
2023-05-15,Aston Villa,ENG,1807.63
2023-05-15,Birmingham,ENG,1434.46
2023-05-15,Blackburn,ENG,1514.31
2023-05-15,Blackpool,ENG,1409.71
2023-05-15,Bournemouth,ENG,1663.03
2023-05-15,Brentford,ENG,1788.73
2023-05-15,Brighton,ENG,1827.98
2023-05-15,Bristol City,ENG,1486.23
2023-05-15,Burnley,ENG,1718.19
2023-05-15,Cardiff,ENG,1448.06
2023-05-15,Chelsea,ENG,1789.66
2023-05-15,Coventry,ENG,1552.13
2023-05-15,Crystal Palace,ENG,1752.17
2023-05-15,Everton,ENG,1691.98
2023-05-15,Fulham,ENG,1733.12
2023-05-15,Huddersfield,ENG,1505.39
2023-05-15,Hull,ENG,1489.97
2023-05-15,Leeds,ENG,1666.53
2023-05-15,Leicester City,ENG,1709.17
2023-05-15,Liverpool,ENG,1944.24
2023-05-15,Luton Town,ENG,1590.01
2023-05-15,Manchester City,ENG,2074.12
2023-05-15,Manchester Utd,ENG,1847.6
2023-05-15,Middlesbrough,ENG,1581.71
2023-05-15,Millwall,ENG,1528.11
2023-05-15,Newcastle,ENG,1864.42
2023-05-15,Norwich,ENG,1507.82
2023-05-15,Nottingham,ENG,1648.44
2023-05-15,Preston,ENG,1480.0
2023-05-15,QPR,ENG,1410.8
2023-05-15,Reading,ENG,1419.12
2023-05-15,Rotherham,ENG,1444.98
2023-05-15,Sheffield United,ENG,1635.86
2023-05-15,Southampton,ENG,1616.06
2023-05-15,Stoke,ENG,1485.87
2023-05-15,Sunderland,ENG,1539.14
2023-05-15,Swansea,ENG,1539.56
2023-05-15,Tottenham,ENG,1811.93
2023-05-15,Watford,ENG,1517.28
2023-05-15,West Bromwich Albion,ENG,1526.03
2023-05-15,West Ham,ENG,1759.05
2023-05-15,Wigan,ENG,1409.93
2023-05-15,Wolves,ENG,1719.55
2023-06-01,Arsenal,ENG,1915.83
2023-06-01,Aston Villa,ENG,1824.46
2023-06-01,Birmingham,ENG,1439.13
2023-06-01,Blackburn,ENG,1518.98
2023-06-01,Blackpool,ENG,1414.39
2023-06-01,Bournemouth,ENG,1657.11
2023-06-01,Brentford,ENG,1820.8
2023-06-01,Brighton,ENG,1824.65
2023-06-01,Bristol City,ENG,1490.9
2023-06-01,Burnley,ENG,1722.87
2023-06-01,Cardiff,ENG,1452.74
2023-06-01,Chelsea,ENG,1784.57
2023-06-01,Coventry,ENG,1566.43
2023-06-01,Crystal Palace,ENG,1753.86
2023-06-01,Everton,ENG,1704.7
2023-06-01,Fulham,ENG,1733.1
2023-06-01,Huddersfield,ENG,1510.06
2023-06-01,Hull,ENG,1494.64
2023-06-01,Leeds,ENG,1655.53
2023-06-01,Leicester City,ENG,1721.58
2023-06-01,Liverpool,ENG,1943.37
2023-06-01,Luton Town,ENG,1602.99
2023-06-01,Manchester City,ENG,2070.0
2023-06-01,Manchester Utd,ENG,1870.12
2023-06-01,Middlesbrough,ENG,1576.39
2023-06-01,Millwall,ENG,1532.78
2023-06-01,Newcastle,ENG,1872.47
2023-06-01,Norwich,ENG,1512.49
2023-06-01,Nottingham,ENG,1670.44
2023-06-01,Preston,ENG,1484.67
2023-06-01,QPR,ENG,1415.47
2023-06-01,Reading,ENG,1423.8
2023-06-01,Rotherham,ENG,1449.65
2023-06-01,Sheffield United,ENG,1640.53
2023-06-01,Southampton,ENG,1623.68
2023-06-01,Stoke,ENG,1490.55
2023-06-01,Sunderland,ENG,1535.88
2023-06-01,Swansea,ENG,1544.23
2023-06-01,Tottenham,ENG,1812.34
2023-06-01,Watford,ENG,1521.95
2023-06-01,West Bromwich Albion,ENG,1530.71
2023-06-01,West Ham,ENG,1768.13
2023-06-01,Wigan,ENG,1414.6
2023-06-01,Wolves,ENG,1715.51
2023-06-15,Arsenal,ENG,1919.38
2023-06-15,Aston Villa,ENG,1828.01
2023-06-15,Birmingham,ENG,1442.68
2023-06-15,Blackburn,ENG,1522.53
2023-06-15,Blackpool,ENG,1417.94
2023-06-15,Bournemouth,ENG,1660.66
2023-06-15,Brentford,ENG,1824.34
2023-06-15,Brighton,ENG,1828.2
2023-06-15,Bristol City,ENG,1494.45
2023-06-15,Burnley,ENG,1726.42
2023-06-15,Cardiff,ENG,1456.29
2023-06-15,Chelsea,ENG,1788.12
2023-06-15,Coventry,ENG,1569.98
2023-06-15,Crystal Palace,ENG,1757.41
2023-06-15,Everton,ENG,1708.25
2023-06-15,Fulham,ENG,1736.65
2023-06-15,Huddersfield,ENG,1513.61
2023-06-15,Hull,ENG,1498.19
2023-06-15,Leeds,ENG,1659.08
2023-06-15,Leicester City,ENG,1725.13
2023-06-15,Liverpool,ENG,1946.92
2023-06-15,Luton Town,ENG,1606.54
2023-06-15,Manchester City,ENG,2077.27
2023-06-15,Manchester Utd,ENG,1873.67
2023-06-15,Middlesbrough,ENG,1579.94
2023-06-15,Millwall,ENG,1536.33
2023-06-15,Newcastle,ENG,1876.02
2023-06-15,Norwich,ENG,1516.04
2023-06-15,Nottingham,ENG,1673.98
2023-06-15,Preston,ENG,1488.22
2023-06-15,QPR,ENG,1419.02
2023-06-15,Reading,ENG,1427.35
2023-06-15,Rotherham,ENG,1453.2
2023-06-15,Sheffield United,ENG,1644.08
2023-06-15,Southampton,ENG,1627.23
2023-06-15,Stoke,ENG,1494.1
2023-06-15,Sunderland,ENG,1539.43
2023-06-15,Swansea,ENG,1547.78
2023-06-15,Tottenham,ENG,1815.89
2023-06-15,Watford,ENG,1525.5
2023-06-15,West Bromwich Albion,ENG,1534.26
2023-06-15,West Ham,ENG,1779.48
2023-06-15,Wigan,ENG,1418.15
2023-06-15,Wolves,ENG,1719.06
2023-07-01,Arsenal,ENG,1919.38
2023-07-01,Aston Villa,ENG,1828.01
2023-07-01,Birmingham,ENG,1442.68
2023-07-01,Blackburn,ENG,1522.53
2023-07-01,Blackpool,ENG,1417.94
2023-07-01,Bournemouth,ENG,1660.66
2023-07-01,Brentford,ENG,1824.34
2023-07-01,Brighton,ENG,1828.2
2023-07-01,Bristol City,ENG,1494.45
2023-07-01,Burnley,ENG,1726.42
2023-07-01,Cardiff,ENG,1456.29
2023-07-01,Chelsea,ENG,1788.12
2023-07-01,Coventry,ENG,1569.98
2023-07-01,Crystal Palace,ENG,1757.41
2023-07-01,Everton,ENG,1708.25
2023-07-01,Fulham,ENG,1736.65
2023-07-01,Huddersfield,ENG,1513.61
2023-07-01,Hull,ENG,1498.19
2023-07-01,Ipswich Town,ENG,1423.67
2023-07-01,Leeds,ENG,1659.08
2023-07-01,Leicester City,ENG,1725.13
2023-07-01,Liverpool,ENG,1946.92
2023-07-01,Luton Town,ENG,1606.54
2023-07-01,Manchester City,ENG,2077.27
2023-07-01,Manchester Utd,ENG,1873.67
2023-07-01,Middlesbrough,ENG,1579.94
2023-07-01,Millwall,ENG,1536.33
2023-07-01,Newcastle,ENG,1876.02
2023-07-01,Norwich,ENG,1516.04
2023-07-01,Nottingham,ENG,1673.98
2023-07-01,Plymouth,ENG,1423.67
2023-07-01,Preston,ENG,1488.22
2023-07-01,QPR,ENG,1419.02
2023-07-01,Reading,ENG,1427.35
2023-07-01,Rotherham,ENG,1453.2
2023-07-01,Sheffield United,ENG,1644.08
2023-07-01,Sheffield Wed,ENG,1423.67
2023-07-01,Southampton,ENG,1627.23
2023-07-01,Stoke,ENG,1494.1
2023-07-01,Sunderland,ENG,1539.43
2023-07-01,Swansea,ENG,1547.78
2023-07-01,Tottenham,ENG,1815.89
2023-07-01,Watford,ENG,1525.5
2023-07-01,West Bromwich Albion,ENG,1534.26
2023-07-01,West Ham,ENG,1779.48
2023-07-01,Wigan,ENG,1418.15
2023-07-01,Wolves,ENG,1719.06
2023-07-15,Arsenal,ENG,1919.38
2023-07-15,Aston Villa,ENG,1828.01
2023-07-15,Birmingham,ENG,1442.68
2023-07-15,Blackburn,ENG,1522.53
2023-07-15,Bournemouth,ENG,1660.66
2023-07-15,Brentford,ENG,1824.34
2023-07-15,Brighton,ENG,1828.2
2023-07-15,Bristol City,ENG,1494.45
2023-07-15,Burnley,ENG,1726.42
2023-07-15,Cardiff,ENG,1456.29
2023-07-15,Chelsea,ENG,1788.12
2023-07-15,Coventry,ENG,1569.98
2023-07-15,Crystal Palace,ENG,1757.41
2023-07-15,Everton,ENG,1708.25
2023-07-15,Fulham,ENG,1736.65
2023-07-15,Huddersfield,ENG,1513.61
2023-07-15,Hull,ENG,1498.19
2023-07-15,Ipswich Town,ENG,1423.67
2023-07-15,Leeds,ENG,1659.08
2023-07-15,Leicester City,ENG,1725.13
2023-07-15,Liverpool,ENG,1946.92
2023-07-15,Luton Town,ENG,1606.54
2023-07-15,Manchester City,ENG,2077.27
2023-07-15,Manchester Utd,ENG,1873.67
2023-07-15,Middlesbrough,ENG,1579.94
2023-07-15,Millwall,ENG,1536.33
2023-07-15,Newcastle,ENG,1876.02
2023-07-15,Norwich,ENG,1516.04
2023-07-15,Nottingham,ENG,1673.98
2023-07-15,Plymouth,ENG,1423.67
2023-07-15,Preston,ENG,1488.22
2023-07-15,QPR,ENG,1419.02
2023-07-15,Rotherham,ENG,1453.2
2023-07-15,Sheffield United,ENG,1644.08
2023-07-15,Sheffield Wed,ENG,1423.67
2023-07-15,Southampton,ENG,1627.23
2023-07-15,Stoke,ENG,1494.1
2023-07-15,Sunderland,ENG,1539.43
2023-07-15,Swansea,ENG,1547.78
2023-07-15,Tottenham,ENG,1815.89
2023-07-15,Watford,ENG,1525.5
2023-07-15,West Bromwich Albion,ENG,1534.26
2023-07-15,West Ham,ENG,1779.48
2023-07-15,Wolves,ENG,1719.06
2023-08-01,Arsenal,ENG,1919.38
2023-08-01,Aston Villa,ENG,1828.01
2023-08-01,Birmingham,ENG,1442.68
2023-08-01,Blackburn,ENG,1522.53
2023-08-01,Bournemouth,ENG,1660.66
2023-08-01,Brentford,ENG,1824.34
2023-08-01,Brighton,ENG,1828.2
2023-08-01,Bristol City,ENG,1494.45
2023-08-01,Burnley,ENG,1726.42
2023-08-01,Cardiff,ENG,1456.29
2023-08-01,Chelsea,ENG,1788.12
2023-08-01,Coventry,ENG,1569.98
2023-08-01,Crystal Palace,ENG,1757.41
2023-08-01,Everton,ENG,1708.25
2023-08-01,Fulham,ENG,1736.65
2023-08-01,Huddersfield,ENG,1513.61
2023-08-01,Hull,ENG,1498.19
2023-08-01,Ipswich Town,ENG,1423.67
2023-08-01,Leeds,ENG,1659.08
2023-08-01,Leicester City,ENG,1725.13
2023-08-01,Liverpool,ENG,1946.92
2023-08-01,Luton Town,ENG,1606.54
2023-08-01,Manchester City,ENG,2077.27
2023-08-01,Manchester Utd,ENG,1873.67
2023-08-01,Middlesbrough,ENG,1579.94
2023-08-01,Millwall,ENG,1536.33
2023-08-01,Newcastle,ENG,1876.02
2023-08-01,Norwich,ENG,1516.04
2023-08-01,Nottingham,ENG,1673.98
2023-08-01,Plymouth,ENG,1423.67
2023-08-01,Preston,ENG,1488.22
2023-08-01,QPR,ENG,1419.02
2023-08-01,Rotherham,ENG,1453.2
2023-08-01,Sheffield United,ENG,1644.08
2023-08-01,Sheffield Wed,ENG,1423.67
2023-08-01,Southampton,ENG,1627.23
2023-08-01,Stoke,ENG,1494.1
2023-08-01,Sunderland,ENG,1539.43
2023-08-01,Swansea,ENG,1547.78
2023-08-01,Tottenham,ENG,1815.89
2023-08-01,Watford,ENG,1525.5
2023-08-01,West Bromwich Albion,ENG,1534.26
2023-08-01,West Ham,ENG,1779.48
2023-08-01,Wolves,ENG,1719.06
2023-08-15,Arsenal,ENG,1921.48
2023-08-15,Aston Villa,ENG,1816.94
2023-08-15,Birmingham,ENG,1458.74
2023-08-15,Blackburn,ENG,1528.66
2023-08-15,Bournemouth,ENG,1662.56
2023-08-15,Brentford,ENG,1822.56
2023-08-15,Brighton,ENG,1832.39
2023-08-15,Bristol City,ENG,1503.76
2023-08-15,Burnley,ENG,1722.82
2023-08-15,Cardiff,ENG,1451.7
2023-08-15,Chelsea,ENG,1791.04
2023-08-15,Coventry,ENG,1578.43
2023-08-15,Crystal Palace,ENG,1764.01
2023-08-15,Everton,ENG,1699.52
2023-08-15,Fulham,ENG,1745.38
2023-08-15,Huddersfield,ENG,1496.81
2023-08-15,Hull,ENG,1499.06
2023-08-15,Ipswich Town,ENG,1448.03
2023-08-15,Leeds,ENG,1640.97
2023-08-15,Leicester City,ENG,1732.32
2023-08-15,Liverpool,ENG,1944.0
2023-08-15,Luton Town,ENG,1602.34
2023-08-15,Manchester City,ENG,2080.87
2023-08-15,Manchester Utd,ENG,1877.08
2023-08-15,Middlesbrough,ENG,1557.61
2023-08-15,Millwall,ENG,1535.93
2023-08-15,Newcastle,ENG,1887.08
2023-08-15,Norwich,ENG,1526.74
2023-08-15,Nottingham,ENG,1671.89
2023-08-15,Plymouth,ENG,1440.67
2023-08-15,Preston,ENG,1497.51
2023-08-15,QPR,ENG,1421.33
2023-08-15,Rotherham,ENG,1444.17
2023-08-15,Sheffield United,ENG,1637.48
2023-08-15,Sheffield Wed,ENG,1412.11
2023-08-15,Southampton,ENG,1627.22
2023-08-15,Stoke,ENG,1492.07
2023-08-15,Sunderland,ENG,1519.47
2023-08-15,Swansea,ENG,1536.44
2023-08-15,Tottenham,ENG,1817.67
2023-08-15,Watford,ENG,1530.0
2023-08-15,West Bromwich Albion,ENG,1534.26
2023-08-15,West Ham,ENG,1777.58
2023-08-15,Wolves,ENG,1715.65
2023-09-01,Arsenal,ENG,1921.01
2023-09-01,Aston Villa,ENG,1835.71
2023-09-01,Birmingham,ENG,1479.96
2023-09-01,Blackburn,ENG,1528.19
2023-09-01,Bournemouth,ENG,1653.28
2023-09-01,Brentford,ENG,1832.11
2023-09-01,Brighton,ENG,1828.58
2023-09-01,Bristol City,ENG,1490.89
2023-09-01,Burnley,ENG,1713.49
2023-09-01,Cardiff,ENG,1455.83
2023-09-01,Chelsea,ENG,1786.49
2023-09-01,Coventry,ENG,1576.03
2023-09-01,Crystal Palace,ENG,1762.41
2023-09-01,Everton,ENG,1682.24
2023-09-01,Fulham,ENG,1738.86
2023-09-01,Huddersfield,ENG,1483.1
2023-09-01,Hull,ENG,1507.51
2023-09-01,Ipswich Town,ENG,1452.35
2023-09-01,Leeds,ENG,1641.66
2023-09-01,Leicester City,ENG,1737.04
2023-09-01,Liverpool,ENG,1954.3
2023-09-01,Luton Town,ENG,1597.25
2023-09-01,Manchester City,ENG,2084.97
2023-09-01,Manchester Utd,ENG,1868.75
2023-09-01,Middlesbrough,ENG,1544.63
2023-09-01,Millwall,ENG,1532.27
2023-09-01,Newcastle,ENG,1876.96
2023-09-01,Norwich,ENG,1554.11
2023-09-01,Nottingham,ENG,1675.14
2023-09-01,Plymouth,ENG,1430.42
2023-09-01,Preston,ENG,1512.41
2023-09-01,QPR,ENG,1410.35
2023-09-01,Rotherham,ENG,1436.77
2023-09-01,Sheffield United,ENG,1630.7
2023-09-01,Sheffield Wed,ENG,1399.5
2023-09-01,Southampton,ENG,1634.55
2023-09-01,Stoke,ENG,1493.9
2023-09-01,Sunderland,ENG,1527.59
2023-09-01,Swansea,ENG,1528.94
2023-09-01,Tottenham,ENG,1836.47
2023-09-01,Watford,ENG,1513.0
2023-09-01,West Bromwich Albion,ENG,1548.86
2023-09-01,West Ham,ENG,1803.24
2023-09-01,Wolves,ENG,1713.98
2023-09-15,Arsenal,ENG,1928.77
2023-09-15,Aston Villa,ENG,1828.66
2023-09-15,Birmingham,ENG,1480.07
2023-09-15,Blackburn,ENG,1511.95
2023-09-15,Bournemouth,ENG,1659.03
2023-09-15,Brentford,ENG,1826.36
2023-09-15,Brighton,ENG,1839.81
2023-09-15,Bristol City,ENG,1501.13
2023-09-15,Burnley,ENG,1703.0
2023-09-15,Cardiff,ENG,1448.89
2023-09-15,Chelsea,ENG,1774.23
2023-09-15,Coventry,ENG,1572.92
2023-09-15,Crystal Palace,ENG,1768.2
2023-09-15,Everton,ENG,1682.16
2023-09-15,Fulham,ENG,1736.47
2023-09-15,Huddersfield,ENG,1494.14
2023-09-15,Hull,ENG,1522.01
2023-09-15,Ipswich Town,ENG,1459.29
2023-09-15,Leeds,ENG,1634.81
2023-09-15,Leicester City,ENG,1722.54
2023-09-15,Liverpool,ENG,1961.35
2023-09-15,Luton Town,ENG,1592.95
2023-09-15,Manchester City,ENG,2087.37
2023-09-15,Manchester Utd,ENG,1860.99
2023-09-15,Middlesbrough,ENG,1526.88
2023-09-15,Millwall,ENG,1532.17
2023-09-15,Newcastle,ENG,1865.73
2023-09-15,Norwich,ENG,1544.33
2023-09-15,Nottingham,ENG,1687.4
2023-09-15,Plymouth,ENG,1446.66
2023-09-15,Preston,ENG,1525.19
2023-09-15,QPR,ENG,1428.1
2023-09-15,Rotherham,ENG,1446.54
2023-09-15,Sheffield United,ENG,1630.78
2023-09-15,Sheffield Wed,ENG,1406.34
2023-09-15,Southampton,ENG,1613.58
2023-09-15,Stoke,ENG,1481.11
2023-09-15,Sunderland,ENG,1548.56
2023-09-15,Swansea,ENG,1518.7
2023-09-15,Tottenham,ENG,1846.95
2023-09-15,Watford,ENG,1516.11
2023-09-15,West Bromwich Albion,ENG,1537.82
2023-09-15,West Ham,ENG,1807.55
2023-09-15,Wolves,ENG,1708.19
2023-10-01,Arsenal,ENG,1932.64
2023-10-01,Aston Villa,ENG,1838.96
2023-10-01,Birmingham,ENG,1448.49
2023-10-01,Blackburn,ENG,1492.4
2023-10-01,Bournemouth,ENG,1643.41
2023-10-01,Brentford,ENG,1795.03
2023-10-01,Brighton,ENG,1818.51
2023-10-01,Bristol City,ENG,1490.04
2023-10-01,Burnley,ENG,1686.62
2023-10-01,Cardiff,ENG,1483.13
2023-10-01,Chelsea,ENG,1756.81
2023-10-01,Coventry,ENG,1560.71
2023-10-01,Crystal Palace,ENG,1762.86
2023-10-01,Everton,ENG,1677.28
2023-10-01,Fulham,ENG,1734.7
2023-10-01,Huddersfield,ENG,1493.93
2023-10-01,Hull,ENG,1524.97
2023-10-01,Ipswich Town,ENG,1481.51
2023-10-01,Leeds,ENG,1631.78
2023-10-01,Leicester City,ENG,1734.9
2023-10-01,Liverpool,ENG,1955.67
2023-10-01,Luton Town,ENG,1595.82
2023-10-01,Manchester City,ENG,2070.05
2023-10-01,Manchester Utd,ENG,1829.97
2023-10-01,Middlesbrough,ENG,1527.78
2023-10-01,Millwall,ENG,1506.73
2023-10-01,Newcastle,ENG,1879.94
2023-10-01,Norwich,ENG,1524.2
2023-10-01,Nottingham,ENG,1677.86
2023-10-01,Plymouth,ENG,1447.57
2023-10-01,Preston,ENG,1507.92
2023-10-01,QPR,ENG,1407.75
2023-10-01,Rotherham,ENG,1416.26
2023-10-01,Sheffield United,ENG,1606.31
2023-10-01,Sheffield Wed,ENG,1376.95
2023-10-01,Southampton,ENG,1586.12
2023-10-01,Stoke,ENG,1469.18
2023-10-01,Sunderland,ENG,1558.53
2023-10-01,Swansea,ENG,1522.24
2023-10-01,Tottenham,ENG,1855.45
2023-10-01,Watford,ENG,1500.09
2023-10-01,West Bromwich Albion,ENG,1548.8
2023-10-01,West Ham,ENG,1796.58
2023-10-01,Wolves,ENG,1709.83
2023-10-15,Arsenal,ENG,1932.4
2023-10-15,Aston Villa,ENG,1836.85
2023-10-15,Birmingham,ENG,1475.79
2023-10-15,Blackburn,ENG,1495.86
2023-10-15,Bournemouth,ENG,1633.03
2023-10-15,Brentford,ENG,1786.79
2023-10-15,Brighton,ENG,1819.86
2023-10-15,Bristol City,ENG,1493.63
2023-10-15,Burnley,ENG,1680.67
2023-10-15,Cardiff,ENG,1474.15
2023-10-15,Chelsea,ENG,1782.08
2023-10-15,Coventry,ENG,1563.17
2023-10-15,Crystal Palace,ENG,1759.27
2023-10-15,Everton,ENG,1687.64
2023-10-15,Fulham,ENG,1728.23
2023-10-15,Huddersfield,ENG,1478.03
2023-10-15,Hull,ENG,1512.46
2023-10-15,Ipswich Town,ENG,1505.57
2023-10-15,Leeds,ENG,1637.9
2023-10-15,Leicester City,ENG,1747.43
2023-10-15,Liverpool,ENG,1954.83
2023-10-15,Luton Town,ENG,1585.72
2023-10-15,Manchester City,ENG,2065.78
2023-10-15,Manchester Utd,ENG,1823.07
2023-10-15,Middlesbrough,ENG,1555.73
2023-10-15,Millwall,ENG,1516.06
2023-10-15,Newcastle,ENG,1887.51
2023-10-15,Norwich,ENG,1520.01
2023-10-15,Nottingham,ENG,1683.49
2023-10-15,Plymouth,ENG,1427.11
2023-10-15,Preston,ENG,1493.85
2023-10-15,QPR,ENG,1390.72
2023-10-15,Rotherham,ENG,1414.73
2023-10-15,Sheffield United,ENG,1600.39
2023-10-15,Sheffield Wed,ENG,1375.36
2023-10-15,Southampton,ENG,1586.37
2023-10-15,Stoke,ENG,1460.62
2023-10-15,Sunderland,ENG,1546.37
2023-10-15,Swansea,ENG,1538.69
2023-10-15,Tottenham,ENG,1858.57
2023-10-15,Watford,ENG,1493.26
2023-10-15,West Bromwich Albion,ENG,1538.94
2023-10-15,West Ham,ENG,1805.91
2023-10-15,Wolves,ENG,1712.22
2023-11-01,Arsenal,ENG,1938.42
2023-11-01,Aston Villa,ENG,1860.01
2023-11-01,Birmingham,ENG,1454.2
2023-11-01,Blackburn,ENG,1503.72
2023-11-01,Bournemouth,ENG,1634.7
2023-11-01,Brentford,ENG,1808.19
2023-11-01,Brighton,ENG,1818.9
2023-11-01,Bristol City,ENG,1483.95
2023-11-01,Burnley,ENG,1665.83
2023-11-01,Cardiff,ENG,1498.05
2023-11-01,Chelsea,ENG,1772.83
2023-11-01,Coventry,ENG,1526.85
2023-11-01,Crystal Palace,ENG,1745.74
2023-11-01,Everton,ENG,1697.61
2023-11-01,Fulham,ENG,1727.69
2023-11-01,Huddersfield,ENG,1458.8
2023-11-01,Hull,ENG,1524.34
2023-11-01,Ipswich Town,ENG,1520.67
2023-11-01,Leeds,ENG,1639.01
2023-11-01,Leicester City,ENG,1758.11
2023-11-01,Liverpool,ENG,1963.41
2023-11-01,Luton Town,ENG,1587.7
2023-11-01,Manchester City,ENG,2076.81
2023-11-01,Manchester Utd,ENG,1823.92
2023-11-01,Middlesbrough,ENG,1553.28
2023-11-01,Millwall,ENG,1509.23
2023-11-01,Newcastle,ENG,1881.87
2023-11-01,Norwich,ENG,1498.25
2023-11-01,Nottingham,ENG,1677.31
2023-11-01,Plymouth,ENG,1436.51
2023-11-01,Preston,ENG,1489.24
2023-11-01,QPR,ENG,1379.96
2023-11-01,Rotherham,ENG,1418.37
2023-11-01,Sheffield United,ENG,1594.48
2023-11-01,Sheffield Wed,ENG,1374.83
2023-11-01,Southampton,ENG,1598.36
2023-11-01,Stoke,ENG,1498.05
2023-11-01,Sunderland,ENG,1544.16
2023-11-01,Swansea,ENG,1532.64
2023-11-01,Tottenham,ENG,1871.06
2023-11-01,Watford,ENG,1507.11
2023-11-01,West Bromwich Albion,ENG,1553.97
2023-11-01,West Ham,ENG,1773.47
2023-11-01,Wolves,ENG,1723.58
2023-11-15,Arsenal,ENG,1930.78
2023-11-15,Aston Villa,ENG,1846.18
2023-11-15,Birmingham,ENG,1442.66
2023-11-15,Blackburn,ENG,1501.55
2023-11-15,Bournemouth,ENG,1646.11
2023-11-15,Brentford,ENG,1801.99
2023-11-15,Brighton,ENG,1813.35
2023-11-15,Bristol City,ENG,1481.14
2023-11-15,Burnley,ENG,1647.58
2023-11-15,Cardiff,ENG,1484.32
2023-11-15,Chelsea,ENG,1793.81
2023-11-15,Coventry,ENG,1511.53
2023-11-15,Crystal Palace,ENG,1739.61
2023-11-15,Everton,ENG,1705.2
2023-11-15,Fulham,ENG,1709.99
2023-11-15,Huddersfield,ENG,1447.9
2023-11-15,Hull,ENG,1515.66
2023-11-15,Ipswich Town,ENG,1520.07
2023-11-15,Leeds,ENG,1648.16
2023-11-15,Leicester City,ENG,1728.93
2023-11-15,Liverpool,ENG,1942.72
2023-11-15,Luton Town,ENG,1587.15
2023-11-15,Manchester City,ENG,2067.92
2023-11-15,Manchester Utd,ENG,1816.62
2023-11-15,Middlesbrough,ENG,1557.44
2023-11-15,Millwall,ENG,1508.75
2023-11-15,Newcastle,ENG,1856.05
2023-11-15,Norwich,ENG,1489.4
2023-11-15,Nottingham,ENG,1683.02
2023-11-15,Plymouth,ENG,1430.55
2023-11-15,Preston,ENG,1501.41
2023-11-15,QPR,ENG,1378.58
2023-11-15,Rotherham,ENG,1401.46
2023-11-15,Sheffield United,ENG,1605.86
2023-11-15,Sheffield Wed,ENG,1353.16
2023-11-15,Southampton,ENG,1605.53
2023-11-15,Stoke,ENG,1493.23
2023-11-15,Sunderland,ENG,1546.37
2023-11-15,Swansea,ENG,1519.1
2023-11-15,Tottenham,ENG,1834.69
2023-11-15,Watford,ENG,1512.31
2023-11-15,West Bromwich Albion,ENG,1551.52
2023-11-15,West Ham,ENG,1769.92
2023-11-15,Wolves,ENG,1718.2
2023-12-01,Arsenal,ENG,1947.97
2023-12-01,Aston Villa,ENG,1860.94
2023-12-01,Birmingham,ENG,1445.17
2023-12-01,Blackburn,ENG,1529.92
2023-12-01,Bournemouth,ENG,1663.06
2023-12-01,Brentford,ENG,1801.11
2023-12-01,Brighton,ENG,1828.2
2023-12-01,Bristol City,ENG,1490.74
2023-12-01,Burnley,ENG,1646.47
2023-12-01,Cardiff,ENG,1491.47
2023-12-01,Chelsea,ENG,1789.71
2023-12-01,Coventry,ENG,1537.84
2023-12-01,Crystal Palace,ENG,1733.78
2023-12-01,Everton,ENG,1699.07
2023-12-01,Fulham,ENG,1722.1
2023-12-01,Huddersfield,ENG,1467.45
2023-12-01,Hull,ENG,1529.64
2023-12-01,Ipswich Town,ENG,1525.57
2023-12-01,Leeds,ENG,1653.45
2023-12-01,Leicester City,ENG,1730.05
2023-12-01,Liverpool,ENG,1953.79
2023-12-01,Luton Town,ENG,1603.06
2023-12-01,Manchester City,ENG,2070.27
2023-12-01,Manchester Utd,ENG,1831.3
2023-12-01,Middlesbrough,ENG,1564.44
2023-12-01,Millwall,ENG,1488.51
2023-12-01,Newcastle,ENG,1872.55
2023-12-01,Norwich,ENG,1492.19
2023-12-01,Nottingham,ENG,1682.15
2023-12-01,Plymouth,ENG,1444.13
2023-12-01,Preston,ENG,1486.0
2023-12-01,QPR,ENG,1392.9
2023-12-01,Rotherham,ENG,1404.22
2023-12-01,Sheffield United,ENG,1598.98
2023-12-01,Sheffield Wed,ENG,1360.95
2023-12-01,Southampton,ENG,1611.7
2023-12-01,Stoke,ENG,1468.71
2023-12-01,Sunderland,ENG,1526.52
2023-12-01,Swansea,ENG,1517.22
2023-12-01,Tottenham,ENG,1830.81
2023-12-01,Watford,ENG,1520.23
2023-12-01,West Bromwich Albion,ENG,1572.6
2023-12-01,West Ham,ENG,1782.53
2023-12-01,Wolves,ENG,1716.16
2023-12-15,Arsenal,ENG,1933.94
2023-12-15,Aston Villa,ENG,1860.02
2023-12-15,Birmingham,ENG,1438.86
2023-12-15,Blackburn,ENG,1503.87
2023-12-15,Bournemouth,ENG,1697.19
2023-12-15,Brentford,ENG,1778.42
2023-12-15,Brighton,ENG,1817.04
2023-12-15,Bristol City,ENG,1468.36
2023-12-15,Burnley,ENG,1651.03
2023-12-15,Cardiff,ENG,1473.16
2023-12-15,Chelsea,ENG,1771.25
2023-12-15,Coventry,ENG,1529.61
2023-12-15,Crystal Palace,ENG,1708.63
2023-12-15,Everton,ENG,1730.72
2023-12-15,Fulham,ENG,1741.84
2023-12-15,Huddersfield,ENG,1447.16
2023-12-15,Hull,ENG,1508.89
2023-12-15,Ipswich Town,ENG,1547.64
2023-12-15,Leeds,ENG,1647.86
2023-12-15,Leicester City,ENG,1732.37
2023-12-15,Liverpool,ENG,1941.32
2023-12-15,Luton Town,ENG,1587.58
2023-12-15,Manchester City,ENG,2045.39
2023-12-15,Manchester Utd,ENG,1794.65
2023-12-15,Middlesbrough,ENG,1526.94
2023-12-15,Millwall,ENG,1471.09
2023-12-15,Newcastle,ENG,1827.07
2023-12-15,Norwich,ENG,1496.56
2023-12-15,Nottingham,ENG,1655.74
2023-12-15,Plymouth,ENG,1440.8
2023-12-15,Preston,ENG,1476.97
2023-12-15,QPR,ENG,1413.74
2023-12-15,Rotherham,ENG,1384.03
2023-12-15,Sheffield United,ENG,1587.78
2023-12-15,Sheffield Wed,ENG,1374.43
2023-12-15,Southampton,ENG,1607.53
2023-12-15,Stoke,ENG,1441.61
2023-12-15,Sunderland,ENG,1535.94
2023-12-15,Swansea,ENG,1512.35
2023-12-15,Tottenham,ENG,1831.21
2023-12-15,Watford,ENG,1513.33
2023-12-15,West Bromwich Albion,ENG,1559.1
2023-12-15,West Ham,ENG,1771.72
2023-12-15,Wolves,ENG,1707.74
2024-01-01,Arsenal,ENG,1910.55
2024-01-01,Aston Villa,ENG,1854.15
2024-01-01,Birmingham,ENG,1425.27
2024-01-01,Blackburn,ENG,1467.56
2024-01-01,Bournemouth,ENG,1711.89
2024-01-01,Brentford,ENG,1740.89
2024-01-01,Brighton,ENG,1820.64
2024-01-01,Bristol City,ENG,1502.79
2024-01-01,Burnley,ENG,1650.16
2024-01-01,Cardiff,ENG,1463.61
2024-01-01,Chelsea,ENG,1777.53
2024-01-01,Coventry,ENG,1551.84
2024-01-01,Crystal Palace,ENG,1723.29
2024-01-01,Everton,ENG,1721.11
2024-01-01,Fulham,ENG,1717.38
2024-01-01,Huddersfield,ENG,1447.88
2024-01-01,Hull,ENG,1507.64
2024-01-01,Ipswich Town,ENG,1535.05
2024-01-01,Leeds,ENG,1631.19
2024-01-01,Leicester City,ENG,1737.82
2024-01-01,Liverpool,ENG,1938.96
2024-01-01,Luton Town,ENG,1604.56
2024-01-01,Manchester City,ENG,2042.04
2024-01-01,Manchester Utd,ENG,1787.94
2024-01-01,Middlesbrough,ENG,1539.54
2024-01-01,Millwall,ENG,1484.36
2024-01-01,Newcastle,ENG,1802.78
2024-01-01,Norwich,ENG,1494.21
2024-01-01,Nottingham,ENG,1669.96
2024-01-01,Plymouth,ENG,1443.66
2024-01-01,Preston,ENG,1453.86
2024-01-01,QPR,ENG,1399.69
2024-01-01,Rotherham,ENG,1390.04
2024-01-01,Sheffield United,ENG,1580.96
2024-01-01,Sheffield Wed,ENG,1382.22
2024-01-01,Southampton,ENG,1631.95
2024-01-01,Stoke,ENG,1461.78
2024-01-01,Sunderland,ENG,1518.48
2024-01-01,Swansea,ENG,1502.9
2024-01-01,Tottenham,ENG,1837.71
2024-01-01,Watford,ENG,1516.86
2024-01-01,West Bromwich Albion,ENG,1561.99
2024-01-01,West Ham,ENG,1808.97
2024-01-01,Wolves,ENG,1738.8
2024-01-15,Arsenal,ENG,1910.55
2024-01-15,Aston Villa,ENG,1852.02
2024-01-15,Birmingham,ENG,1421.87
2024-01-15,Blackburn,ENG,1456.11
2024-01-15,Bournemouth,ENG,1711.89
2024-01-15,Brentford,ENG,1740.89
2024-01-15,Brighton,ENG,1821.95
2024-01-15,Bristol City,ENG,1481.66
2024-01-15,Burnley,ENG,1647.28
2024-01-15,Cardiff,ENG,1462.29
2024-01-15,Chelsea,ENG,1782.66
2024-01-15,Coventry,ENG,1580.71
2024-01-15,Crystal Palace,ENG,1723.29
2024-01-15,Everton,ENG,1723.25
2024-01-15,Fulham,ENG,1712.25
2024-01-15,Huddersfield,ENG,1443.46
2024-01-15,Hull,ENG,1484.36
2024-01-15,Ipswich Town,ENG,1540.96
2024-01-15,Leeds,ENG,1644.83
2024-01-15,Leicester City,ENG,1724.8
2024-01-15,Liverpool,ENG,1944.01
2024-01-15,Luton Town,ENG,1607.44
2024-01-15,Manchester City,ENG,2045.67
2024-01-15,Manchester Utd,ENG,1787.71
2024-01-15,Middlesbrough,ENG,1538.79
2024-01-15,Millwall,ENG,1482.12
2024-01-15,Newcastle,ENG,1794.1
2024-01-15,Norwich,ENG,1505.94
2024-01-15,Nottingham,ENG,1669.96
2024-01-15,Plymouth,ENG,1445.77
2024-01-15,Preston,ENG,1457.72
2024-01-15,QPR,ENG,1385.43
2024-01-15,Rotherham,ENG,1385.89
2024-01-15,Sheffield United,ENG,1580.96
2024-01-15,Sheffield Wed,ENG,1391.66
2024-01-15,Southampton,ENG,1634.06
2024-01-15,Stoke,ENG,1470.09
2024-01-15,Sunderland,ENG,1519.28
2024-01-15,Swansea,ENG,1510.01
2024-01-15,Tottenham,ENG,1837.93
2024-01-15,Watford,ENG,1522.69
2024-01-15,West Bromwich Albion,ENG,1561.68
2024-01-15,West Ham,ENG,1807.66
2024-01-15,Wolves,ENG,1738.8
2024-02-01,Arsenal,ENG,1920.36
2024-02-01,Aston Villa,ENG,1836.58
2024-02-01,Birmingham,ENG,1432.79
2024-02-01,Blackburn,ENG,1454.15
2024-02-01,Bournemouth,ENG,1704.17
2024-02-01,Brentford,ENG,1741.56
2024-02-01,Brighton,ENG,1794.08
2024-02-01,Bristol City,ENG,1485.56
2024-02-01,Burnley,ENG,1646.1
2024-02-01,Cardiff,ENG,1452.37
2024-02-01,Chelsea,ENG,1777.44
2024-02-01,Coventry,ENG,1581.19
2024-02-01,Crystal Palace,ENG,1720.75
2024-02-01,Everton,ENG,1724.58
2024-02-01,Fulham,ENG,1710.92
2024-02-01,Huddersfield,ENG,1445.73
2024-02-01,Hull,ENG,1494.85
2024-02-01,Ipswich Town,ENG,1546.97
2024-02-01,Leeds,ENG,1651.23
2024-02-01,Leicester City,ENG,1722.08
2024-02-01,Liverpool,ENG,1956.96
2024-02-01,Luton Town,ENG,1631.46
2024-02-01,Manchester City,ENG,2046.85
2024-02-01,Manchester Utd,ENG,1787.71
2024-02-01,Middlesbrough,ENG,1533.4
2024-02-01,Millwall,ENG,1467.01
2024-02-01,Newcastle,ENG,1809.53
2024-02-01,Norwich,ENG,1513.67
2024-02-01,Nottingham,ENG,1661.52
2024-02-01,Plymouth,ENG,1455.69
2024-02-01,Preston,ENG,1456.99
2024-02-01,QPR,ENG,1398.21
2024-02-01,Rotherham,ENG,1391.28
2024-02-01,Sheffield United,ENG,1581.74
2024-02-01,Sheffield Wed,ENG,1389.05
2024-02-01,Southampton,ENG,1642.74
2024-02-01,Stoke,ENG,1451.47
2024-02-01,Sunderland,ENG,1516.5
2024-02-01,Swansea,ENG,1498.04
2024-02-01,Tottenham,ENG,1842.18
2024-02-01,Watford,ENG,1520.92
2024-02-01,West Bromwich Albion,ENG,1550.31
2024-02-01,West Ham,ENG,1803.15
2024-02-01,Wolves,ENG,1742.64
2024-02-15,Arsenal,ENG,1944.81
2024-02-15,Aston Villa,ENG,1834.22
2024-02-15,Birmingham,ENG,1425.22
2024-02-15,Blackburn,ENG,1445.23
2024-02-15,Bournemouth,ENG,1696.6
2024-02-15,Brentford,ENG,1751.81
2024-02-15,Brighton,ENG,1797.19
2024-02-15,Bristol City,ENG,1506.6
2024-02-15,Burnley,ENG,1644.39
2024-02-15,Cardiff,ENG,1444.1
2024-02-15,Chelsea,ENG,1774.07
2024-02-15,Coventry,ENG,1575.45
2024-02-15,Crystal Palace,ENG,1700.97
2024-02-15,Everton,ENG,1724.62
2024-02-15,Fulham,ENG,1719.99
2024-02-15,Huddersfield,ENG,1461.15
2024-02-15,Hull,ENG,1497.82
2024-02-15,Ipswich Town,ENG,1551.91
2024-02-15,Leeds,ENG,1670.25
2024-02-15,Leicester City,ENG,1735.41
2024-02-15,Liverpool,ENG,1948.84
2024-02-15,Luton Town,ENG,1621.88
2024-02-15,Manchester City,ENG,2053.2
2024-02-15,Manchester Utd,ENG,1818.22
2024-02-15,Middlesbrough,ENG,1513.03
2024-02-15,Millwall,ENG,1442.19
2024-02-15,Newcastle,ENG,1809.64
2024-02-15,Norwich,ENG,1529.5
2024-02-15,Nottingham,ENG,1658.76
2024-02-15,Plymouth,ENG,1460.77
2024-02-15,Preston,ENG,1487.23
2024-02-15,QPR,ENG,1404.77
2024-02-15,Rotherham,ENG,1376.62
2024-02-15,Sheffield United,ENG,1589.72
2024-02-15,Sheffield Wed,ENG,1388.2
2024-02-15,Southampton,ENG,1636.46
2024-02-15,Stoke,ENG,1441.08
2024-02-15,Sunderland,ENG,1517.66
2024-02-15,Swansea,ENG,1487.13
2024-02-15,Tottenham,ENG,1846.06
2024-02-15,Watford,ENG,1496.8
2024-02-15,West Bromwich Albion,ENG,1561.8
2024-02-15,West Ham,ENG,1773.71
2024-02-15,Wolves,ENG,1735.65
2024-03-01,Arsenal,ENG,1951.69
2024-03-01,Aston Villa,ENG,1843.88
2024-03-01,Birmingham,ENG,1427.44
2024-03-01,Blackburn,ENG,1448.9
2024-03-01,Bournemouth,ENG,1697.8
2024-03-01,Brentford,ENG,1732.08
2024-03-01,Brighton,ENG,1801.61
2024-03-01,Bristol City,ENG,1483.86
2024-03-01,Burnley,ENG,1627.76
2024-03-01,Cardiff,ENG,1440.81
2024-03-01,Chelsea,ENG,1780.22
2024-03-01,Coventry,ENG,1559.87
2024-03-01,Crystal Palace,ENG,1710.93
2024-03-01,Everton,ENG,1724.86
2024-03-01,Fulham,ENG,1724.17
2024-03-01,Huddersfield,ENG,1461.84
2024-03-01,Hull,ENG,1517.74
2024-03-01,Ipswich Town,ENG,1566.78
2024-03-01,Leeds,ENG,1686.15
2024-03-01,Leicester City,ENG,1708.61
2024-03-01,Liverpool,ENG,1957.48
2024-03-01,Luton Town,ENG,1613.98
2024-03-01,Manchester City,ENG,2048.0
2024-03-01,Manchester Utd,ENG,1809.47
2024-03-01,Middlesbrough,ENG,1510.28
2024-03-01,Millwall,ENG,1439.22
2024-03-01,Newcastle,ENG,1797.59
2024-03-01,Norwich,ENG,1534.97
2024-03-01,Nottingham,ENG,1666.19
2024-03-01,Plymouth,ENG,1457.53
2024-03-01,Preston,ENG,1503.57
2024-03-01,QPR,ENG,1421.35
2024-03-01,Rotherham,ENG,1360.35
2024-03-01,Sheffield United,ENG,1575.9
2024-03-01,Sheffield Wed,ENG,1411.83
2024-03-01,Southampton,ENG,1619.27
2024-03-01,Stoke,ENG,1426.72
2024-03-01,Sunderland,ENG,1497.39
2024-03-01,Swansea,ENG,1488.06
2024-03-01,Tottenham,ENG,1832.72
2024-03-01,Watford,ENG,1491.29
2024-03-01,West Bromwich Albion,ENG,1561.57
2024-03-01,West Ham,ENG,1768.29
2024-03-01,Wolves,ENG,1749.7
2024-03-15,Arsenal,ENG,1956.66
2024-03-15,Aston Villa,ENG,1836.8
2024-03-15,Birmingham,ENG,1415.61
2024-03-15,Blackburn,ENG,1442.45
2024-03-15,Bournemouth,ENG,1709.96
2024-03-15,Brentford,ENG,1731.64
2024-03-15,Brighton,ENG,1775.9
2024-03-15,Bristol City,ENG,1478.25
2024-03-15,Burnley,ENG,1624.47
2024-03-15,Cardiff,ENG,1470.38
2024-03-15,Chelsea,ENG,1789.41
2024-03-15,Coventry,ENG,1568.28
2024-03-15,Crystal Palace,ENG,1703.25
2024-03-15,Everton,ENG,1708.61
2024-03-15,Fulham,ENG,1734.47
2024-03-15,Huddersfield,ENG,1449.77
2024-03-15,Hull,ENG,1520.37
2024-03-15,Ipswich Town,ENG,1571.85
2024-03-15,Leeds,ENG,1690.19
2024-03-15,Leicester City,ENG,1695.45
2024-03-15,Liverpool,ENG,1967.72
2024-03-15,Luton Town,ENG,1611.21
2024-03-15,Manchester City,ENG,2052.31
2024-03-15,Manchester Utd,ENG,1814.69
2024-03-15,Middlesbrough,ENG,1527.48
2024-03-15,Millwall,ENG,1456.91
2024-03-15,Newcastle,ENG,1801.73
2024-03-15,Norwich,ENG,1538.2
2024-03-15,Nottingham,ENG,1661.09
2024-03-15,Plymouth,ENG,1444.28
2024-03-15,Preston,ENG,1493.51
2024-03-15,QPR,ENG,1430.59
2024-03-15,Rotherham,ENG,1341.27
2024-03-15,Sheffield United,ENG,1578.46
2024-03-15,Sheffield Wed,ENG,1424.5
2024-03-15,Southampton,ENG,1630.82
2024-03-15,Stoke,ENG,1450.16
2024-03-15,Sunderland,ENG,1483.75
2024-03-15,Swansea,ENG,1489.18
2024-03-15,Tottenham,ENG,1858.81
2024-03-15,Watford,ENG,1476.63
2024-03-15,West Bromwich Albion,ENG,1579.19
2024-03-15,West Ham,ENG,1791.08
2024-03-15,Wolves,ENG,1748.54
2024-04-01,Arsenal,ENG,1960.57
2024-04-01,Aston Villa,ENG,1843.52
2024-04-01,Birmingham,ENG,1401.63
2024-04-01,Blackburn,ENG,1440.41
2024-04-01,Bournemouth,ENG,1716.79
2024-04-01,Brentford,ENG,1723.56
2024-04-01,Brighton,ENG,1773.14
2024-04-01,Bristol City,ENG,1484.39
2024-04-01,Burnley,ENG,1639.1
2024-04-01,Cardiff,ENG,1448.63
2024-04-01,Chelsea,ENG,1784.18
2024-04-01,Coventry,ENG,1576.98
2024-04-01,Crystal Palace,ENG,1703.35
2024-04-01,Everton,ENG,1701.78
2024-04-01,Fulham,ENG,1748.07
2024-04-01,Huddersfield,ENG,1439.26
2024-04-01,Hull,ENG,1504.2
2024-04-01,Ipswich Town,ENG,1586.31
2024-04-01,Leeds,ENG,1689.16
2024-04-01,Leicester City,ENG,1682.85
2024-04-01,Liverpool,ENG,1970.48
2024-04-01,Luton Town,ENG,1609.06
2024-04-01,Manchester City,ENG,2048.41
2024-04-01,Manchester Utd,ENG,1813.36
2024-04-01,Middlesbrough,ENG,1528.06
2024-04-01,Millwall,ENG,1455.98
2024-04-01,Newcastle,ENG,1808.21
2024-04-01,Norwich,ENG,1554.35
2024-04-01,Nottingham,ENG,1660.84
2024-04-01,Plymouth,ENG,1432.26
2024-04-01,Preston,ENG,1507.32
2024-04-01,QPR,ENG,1439.66
2024-04-01,Rotherham,ENG,1337.17
2024-04-01,Sheffield United,ENG,1581.97
2024-04-01,Sheffield Wed,ENG,1416.69
2024-04-01,Southampton,ENG,1626.67
2024-04-01,Stoke,ENG,1454.29
2024-04-01,Sunderland,ENG,1493.57
2024-04-01,Swansea,ENG,1497.33
2024-04-01,Tottenham,ENG,1843.99
2024-04-01,Watford,ENG,1488.65
2024-04-01,West Bromwich Albion,ENG,1583.24
2024-04-01,West Ham,ENG,1784.58
2024-04-01,Wolves,ENG,1741.85
2024-04-15,Arsenal,ENG,1940.7
2024-04-15,Aston Villa,ENG,1846.46
2024-04-15,Birmingham,ENG,1411.84
2024-04-15,Blackburn,ENG,1457.38
2024-04-15,Bournemouth,ENG,1706.73
2024-04-15,Brentford,ENG,1724.74
2024-04-15,Brighton,ENG,1754.88
2024-04-15,Bristol City,ENG,1495.28
2024-04-15,Burnley,ENG,1629.41
2024-04-15,Cardiff,ENG,1439.64
2024-04-15,Chelsea,ENG,1779.1
2024-04-15,Coventry,ENG,1541.39
2024-04-15,Crystal Palace,ENG,1700.9
2024-04-15,Everton,ENG,1702.99
2024-04-15,Fulham,ENG,1735.09
2024-04-15,Huddersfield,ENG,1433.53
2024-04-15,Hull,ENG,1511.85
2024-04-15,Ipswich Town,ENG,1571.43
2024-04-15,Leeds,ENG,1654.35
2024-04-15,Leicester City,ENG,1655.91
2024-04-15,Liverpool,ENG,1922.76
2024-04-15,Luton Town,ENG,1607.52
2024-04-15,Manchester City,ENG,2050.41
2024-04-15,Manchester Utd,ENG,1799.7
2024-04-15,Middlesbrough,ENG,1536.93
2024-04-15,Millwall,ENG,1453.79
2024-04-15,Newcastle,ENG,1818.04
2024-04-15,Norwich,ENG,1554.46
2024-04-15,Nottingham,ENG,1661.41
2024-04-15,Plymouth,ENG,1434.96
2024-04-15,Preston,ENG,1492.26
2024-04-15,QPR,ENG,1420.03
2024-04-15,Rotherham,ENG,1325.1
2024-04-15,Sheffield United,ENG,1571.93
2024-04-15,Sheffield Wed,ENG,1418.62
2024-04-15,Southampton,ENG,1617.24
2024-04-15,Stoke,ENG,1436.81
2024-04-15,Sunderland,ENG,1481.6
2024-04-15,Swansea,ENG,1484.57
2024-04-15,Tottenham,ENG,1824.92
2024-04-15,Watford,ENG,1483.24
2024-04-15,West Bromwich Albion,ENG,1559.98
2024-04-15,West Ham,ENG,1764.64
2024-04-15,Wolves,ENG,1723.57
2024-05-01,Arsenal,ENG,1945.49
2024-05-01,Aston Villa,ENG,1835.85
2024-05-01,Birmingham,ENG,1406.13
2024-05-01,Blackburn,ENG,1437.09
2024-05-01,Bournemouth,ENG,1717.85
2024-05-01,Brentford,ENG,1723.67
2024-05-01,Brighton,ENG,1729.74
2024-05-01,Bristol City,ENG,1496.35
2024-05-01,Burnley,ENG,1642.13
2024-05-01,Cardiff,ENG,1431.69
2024-05-01,Chelsea,ENG,1780.29
2024-05-01,Coventry,ENG,1515.38
2024-05-01,Crystal Palace,ENG,1723.38
2024-05-01,Everton,ENG,1717.96
2024-05-01,Fulham,ENG,1720.62
2024-05-01,Huddersfield,ENG,1409.07
2024-05-01,Hull,ENG,1516.08
2024-05-01,Ipswich Town,ENG,1573.53
2024-05-01,Leeds,ENG,1628.76
2024-05-01,Leicester City,ENG,1674.09
2024-05-01,Liverpool,ENG,1902.74
2024-05-01,Luton Town,ENG,1584.42
2024-05-01,Manchester City,ENG,2046.36
2024-05-01,Manchester Utd,ENG,1790.74
2024-05-01,Middlesbrough,ENG,1537.03
2024-05-01,Millwall,ENG,1463.33
2024-05-01,Newcastle,ENG,1802.54
2024-05-01,Norwich,ENG,1541.95
2024-05-01,Nottingham,ENG,1644.14
2024-05-01,Plymouth,ENG,1411.11
2024-05-01,Preston,ENG,1462.65
2024-05-01,QPR,ENG,1447.43
2024-05-01,Rotherham,ENG,1315.2
2024-05-01,Sheffield United,ENG,1544.85
2024-05-01,Sheffield Wed,ENG,1443.96
2024-05-01,Southampton,ENG,1580.84
2024-05-01,Stoke,ENG,1455.09
2024-05-01,Sunderland,ENG,1458.37
2024-05-01,Swansea,ENG,1497.31
2024-05-01,Tottenham,ENG,1812.33
2024-05-01,Watford,ENG,1482.58
2024-05-01,West Bromwich Albion,ENG,1532.06
2024-05-01,West Ham,ENG,1744.92
2024-05-01,Wolves,ENG,1705.41
2024-05-15,Arsenal,ENG,1944.71
2024-05-15,Aston Villa,ENG,1787.57
2024-05-15,Birmingham,ENG,1406.69
2024-05-15,Blackburn,ENG,1448.37
2024-05-15,Bournemouth,ENG,1695.08
2024-05-15,Brentford,ENG,1721.75
2024-05-15,Brighton,ENG,1732.68
2024-05-15,Bristol City,ENG,1471.11
2024-05-15,Burnley,ENG,1620.34
2024-05-15,Cardiff,ENG,1405.45
2024-05-15,Chelsea,ENG,1798.52
2024-05-15,Coventry,ENG,1494.58
2024-05-15,Crystal Palace,ENG,1742.57
2024-05-15,Everton,ENG,1709.04
2024-05-15,Fulham,ENG,1707.9
2024-05-15,Huddersfield,ENG,1395.12
2024-05-15,Hull,ENG,1497.24
2024-05-15,Ipswich Town,ENG,1568.33
2024-05-15,Leeds,ENG,1607.72
2024-05-15,Leicester City,ENG,1643.67
2024-05-15,Liverpool,ENG,1897.34
2024-05-15,Luton Town,ENG,1572.35
2024-05-15,Manchester City,ENG,2048.74
2024-05-15,Manchester Utd,ENG,1759.74
2024-05-15,Middlesbrough,ENG,1534.93
2024-05-15,Millwall,ENG,1464.28
2024-05-15,Newcastle,ENG,1798.56
2024-05-15,Norwich,ENG,1523.11
2024-05-15,Nottingham,ENG,1638.63
2024-05-15,Plymouth,ENG,1410.8
2024-05-15,Preston,ENG,1444.34
2024-05-15,QPR,ENG,1449.08
2024-05-15,Rotherham,ENG,1322.3
2024-05-15,Sheffield United,ENG,1522.76
2024-05-15,Sheffield Wed,ENG,1448.48
2024-05-15,Southampton,ENG,1582.03
2024-05-15,Stoke,ENG,1461.18
2024-05-15,Sunderland,ENG,1434.7
2024-05-15,Swansea,ENG,1477.22
2024-05-15,Tottenham,ENG,1784.97
2024-05-15,Watford,ENG,1465.54
2024-05-15,West Bromwich Albion,ENG,1531.07
2024-05-15,West Ham,ENG,1728.07
2024-05-15,Wolves,ENG,1681.21
2024-06-01,Arsenal,ENG,1946.9
2024-06-01,Aston Villa,ENG,1770.44
2024-06-01,Birmingham,ENG,1406.69
2024-06-01,Blackburn,ENG,1448.37
2024-06-01,Bournemouth,ENG,1691.12
2024-06-01,Brentford,ENG,1711.08
2024-06-01,Brighton,ENG,1713.16
2024-06-01,Bristol City,ENG,1471.11
2024-06-01,Burnley,ENG,1611.26
2024-06-01,Cardiff,ENG,1405.45
2024-06-01,Chelsea,ENG,1810.12
2024-06-01,Coventry,ENG,1494.58
2024-06-01,Crystal Palace,ENG,1759.71
2024-06-01,Everton,ENG,1706.85
2024-06-01,Fulham,ENG,1716.28
2024-06-01,Huddersfield,ENG,1395.12
2024-06-01,Hull,ENG,1497.24
2024-06-01,Ipswich Town,ENG,1568.33
2024-06-01,Leeds,ENG,1606.82
2024-06-01,Leicester City,ENG,1643.67
2024-06-01,Liverpool,ENG,1900.69
2024-06-01,Luton Town,ENG,1563.97
2024-06-01,Manchester City,ENG,2050.57
2024-06-01,Manchester Utd,ENG,1779.04
2024-06-01,Middlesbrough,ENG,1534.93
2024-06-01,Millwall,ENG,1464.28
2024-06-01,Newcastle,ENG,1801.8
2024-06-01,Norwich,ENG,1513.95
2024-06-01,Nottingham,ENG,1647.71
2024-06-01,Plymouth,ENG,1410.8
2024-06-01,Preston,ENG,1444.34
2024-06-01,QPR,ENG,1449.08
2024-06-01,Rotherham,ENG,1322.3
2024-06-01,Sheffield United,ENG,1517.17
2024-06-01,Sheffield Wed,ENG,1448.48
2024-06-01,Southampton,ENG,1599.6
2024-06-01,Stoke,ENG,1461.18
2024-06-01,Sunderland,ENG,1434.7
2024-06-01,Swansea,ENG,1477.22
2024-06-01,Tottenham,ENG,1790.56
2024-06-01,Watford,ENG,1465.54
2024-06-01,West Bromwich Albion,ENG,1523.57
2024-06-01,West Ham,ENG,1726.24
2024-06-01,Wolves,ENG,1677.86
2024-06-15,Arsenal,ENG,1946.9
2024-06-15,Aston Villa,ENG,1770.44
2024-06-15,Birmingham,ENG,1406.69
2024-06-15,Blackburn,ENG,1448.37
2024-06-15,Bournemouth,ENG,1691.12
2024-06-15,Brentford,ENG,1711.08
2024-06-15,Brighton,ENG,1713.16
2024-06-15,Bristol City,ENG,1471.11
2024-06-15,Burnley,ENG,1611.26
2024-06-15,Cardiff,ENG,1405.45
2024-06-15,Chelsea,ENG,1810.12
2024-06-15,Coventry,ENG,1494.58
2024-06-15,Crystal Palace,ENG,1759.71
2024-06-15,Everton,ENG,1706.85
2024-06-15,Fulham,ENG,1716.28
2024-06-15,Huddersfield,ENG,1395.12
2024-06-15,Hull,ENG,1497.24
2024-06-15,Ipswich Town,ENG,1568.33
2024-06-15,Leeds,ENG,1606.82
2024-06-15,Leicester City,ENG,1643.67
2024-06-15,Liverpool,ENG,1900.69
2024-06-15,Luton Town,ENG,1563.97
2024-06-15,Manchester City,ENG,2050.57
2024-06-15,Manchester Utd,ENG,1779.04
2024-06-15,Middlesbrough,ENG,1534.93
2024-06-15,Millwall,ENG,1464.28
2024-06-15,Newcastle,ENG,1801.8
2024-06-15,Norwich,ENG,1513.95
2024-06-15,Nottingham,ENG,1647.71
2024-06-15,Plymouth,ENG,1410.8
2024-06-15,Preston,ENG,1444.34
2024-06-15,QPR,ENG,1449.08
2024-06-15,Rotherham,ENG,1322.3
2024-06-15,Sheffield United,ENG,1517.17
2024-06-15,Sheffield Wed,ENG,1448.48
2024-06-15,Southampton,ENG,1599.6
2024-06-15,Stoke,ENG,1461.18
2024-06-15,Sunderland,ENG,1434.7
2024-06-15,Swansea,ENG,1477.22
2024-06-15,Tottenham,ENG,1790.56
2024-06-15,Watford,ENG,1465.54
2024-06-15,West Bromwich Albion,ENG,1523.57
2024-06-15,West Ham,ENG,1726.24
2024-06-15,Wolves,ENG,1677.86
2024-07-01,Arsenal,ENG,1946.9
2024-07-01,Aston Villa,ENG,1770.44
2024-07-01,Birmingham,ENG,1406.69
2024-07-01,Blackburn,ENG,1448.37
2024-07-01,Bournemouth,ENG,1691.12
2024-07-01,Brentford,ENG,1711.08
2024-07-01,Brighton,ENG,1713.16
2024-07-01,Bristol City,ENG,1471.11
2024-07-01,Burnley,ENG,1611.26
2024-07-01,Cardiff,ENG,1405.45
2024-07-01,Chelsea,ENG,1810.12
2024-07-01,Coventry,ENG,1494.58
2024-07-01,Crystal Palace,ENG,1759.71
2024-07-01,Everton,ENG,1706.85
2024-07-01,Fulham,ENG,1716.28
2024-07-01,Huddersfield,ENG,1395.12
2024-07-01,Hull,ENG,1497.24
2024-07-01,Ipswich Town,ENG,1568.33
2024-07-01,Leeds,ENG,1606.82
2024-07-01,Leicester City,ENG,1643.67
2024-07-01,Liverpool,ENG,1900.69
2024-07-01,Luton Town,ENG,1563.97
2024-07-01,Manchester City,ENG,2050.57
2024-07-01,Manchester Utd,ENG,1779.04
2024-07-01,Middlesbrough,ENG,1534.93
2024-07-01,Millwall,ENG,1464.28
2024-07-01,Newcastle,ENG,1801.8
2024-07-01,Norwich,ENG,1513.95
2024-07-01,Nottingham,ENG,1647.71
2024-07-01,Plymouth,ENG,1410.8
2024-07-01,Preston,ENG,1444.34
2024-07-01,QPR,ENG,1449.08
2024-07-01,Rotherham,ENG,1322.3
2024-07-01,Sheffield United,ENG,1517.17
2024-07-01,Sheffield Wed,ENG,1448.48
2024-07-01,Southampton,ENG,1599.6
2024-07-01,Stoke,ENG,1461.18
2024-07-01,Sunderland,ENG,1434.7
2024-07-01,Swansea,ENG,1477.22
2024-07-01,Tottenham,ENG,1790.56
2024-07-01,Watford,ENG,1465.54
2024-07-01,West Bromwich Albion,ENG,1523.57
2024-07-01,West Ham,ENG,1726.24
2024-07-01,Wolves,ENG,1677.86
2024-07-15,Arsenal,ENG,1946.9
2024-07-15,Aston Villa,ENG,1770.44
2024-07-15,Blackburn,ENG,1448.37
2024-07-15,Bournemouth,ENG,1691.12
2024-07-15,Brentford,ENG,1711.08
2024-07-15,Brighton,ENG,1713.16
2024-07-15,Bristol City,ENG,1471.11
2024-07-15,Burnley,ENG,1611.26
2024-07-15,Cardiff,ENG,1405.45
2024-07-15,Chelsea,ENG,1810.12
2024-07-15,Coventry,ENG,1494.58
2024-07-15,Crystal Palace,ENG,1759.71
2024-07-15,Derby,ENG,1383.17
2024-07-15,Everton,ENG,1706.85
2024-07-15,Fulham,ENG,1716.28
2024-07-15,Hull,ENG,1497.24
2024-07-15,Ipswich Town,ENG,1568.33
2024-07-15,Leeds,ENG,1606.82
2024-07-15,Leicester City,ENG,1643.67
2024-07-15,Liverpool,ENG,1900.69
2024-07-15,Luton Town,ENG,1563.97
2024-07-15,Manchester City,ENG,2050.57
2024-07-15,Manchester Utd,ENG,1779.04
2024-07-15,Middlesbrough,ENG,1534.93
2024-07-15,Millwall,ENG,1464.28
2024-07-15,Newcastle,ENG,1801.8
2024-07-15,Norwich,ENG,1513.95
2024-07-15,Nottingham,ENG,1647.71
2024-07-15,Oxford,ENG,1383.17
2024-07-15,Plymouth,ENG,1410.8
2024-07-15,Portsmouth,ENG,1383.17
2024-07-15,Preston,ENG,1444.34
2024-07-15,QPR,ENG,1449.08
2024-07-15,Sheffield United,ENG,1517.17
2024-07-15,Sheffield Wed,ENG,1448.48
2024-07-15,Southampton,ENG,1599.6
2024-07-15,Stoke,ENG,1461.18
2024-07-15,Sunderland,ENG,1434.7
2024-07-15,Swansea,ENG,1477.22
2024-07-15,Tottenham,ENG,1790.56
2024-07-15,Watford,ENG,1465.54
2024-07-15,West Bromwich Albion,ENG,1523.57
2024-07-15,West Ham,ENG,1726.24
2024-07-15,Wolves,ENG,1677.86
2024-08-01,Arsenal,ENG,1946.9
2024-08-01,Aston Villa,ENG,1770.44
2024-08-01,Blackburn,ENG,1448.37
2024-08-01,Bournemouth,ENG,1691.12
2024-08-01,Brentford,ENG,1711.08
2024-08-01,Brighton,ENG,1713.16
2024-08-01,Bristol City,ENG,1471.11
2024-08-01,Burnley,ENG,1611.26
2024-08-01,Cardiff,ENG,1405.45
2024-08-01,Chelsea,ENG,1810.12
2024-08-01,Coventry,ENG,1494.58
2024-08-01,Crystal Palace,ENG,1759.71
2024-08-01,Derby,ENG,1383.17
2024-08-01,Everton,ENG,1706.85
2024-08-01,Fulham,ENG,1716.28
2024-08-01,Hull,ENG,1497.24
2024-08-01,Ipswich Town,ENG,1568.33
2024-08-01,Leeds,ENG,1606.82
2024-08-01,Leicester City,ENG,1643.67
2024-08-01,Liverpool,ENG,1900.69
2024-08-01,Luton Town,ENG,1563.97
2024-08-01,Manchester City,ENG,2050.57
2024-08-01,Manchester Utd,ENG,1779.04
2024-08-01,Middlesbrough,ENG,1534.93
2024-08-01,Millwall,ENG,1464.28
2024-08-01,Newcastle,ENG,1801.8
2024-08-01,Norwich,ENG,1513.95
2024-08-01,Nottingham,ENG,1647.71
2024-08-01,Oxford,ENG,1383.17
2024-08-01,Plymouth,ENG,1410.8
2024-08-01,Portsmouth,ENG,1383.17
2024-08-01,Preston,ENG,1444.34
2024-08-01,QPR,ENG,1449.08
2024-08-01,Sheffield United,ENG,1517.17
2024-08-01,Sheffield Wed,ENG,1448.48
2024-08-01,Southampton,ENG,1599.6
2024-08-01,Stoke,ENG,1461.18
2024-08-01,Sunderland,ENG,1434.7
2024-08-01,Swansea,ENG,1477.22
2024-08-01,Tottenham,ENG,1790.56
2024-08-01,Watford,ENG,1465.54
2024-08-01,West Bromwich Albion,ENG,1523.57
2024-08-01,West Ham,ENG,1726.24
2024-08-01,Wolves,ENG,1677.86
2024-08-15,Arsenal,ENG,1946.9
2024-08-15,Aston Villa,ENG,1770.44
2024-08-15,Blackburn,ENG,1455.59
2024-08-15,Bournemouth,ENG,1691.12
2024-08-15,Brentford,ENG,1711.08
2024-08-15,Brighton,ENG,1713.16
2024-08-15,Bristol City,ENG,1473.39
2024-08-15,Burnley,ENG,1625.6
2024-08-15,Cardiff,ENG,1392.96
2024-08-15,Chelsea,ENG,1810.12
2024-08-15,Coventry,ENG,1487.07
2024-08-15,Crystal Palace,ENG,1759.71
2024-08-15,Derby,ENG,1375.95
2024-08-15,Everton,ENG,1706.85
2024-08-15,Fulham,ENG,1716.28
2024-08-15,Hull,ENG,1494.96
2024-08-15,Ipswich Town,ENG,1568.33
2024-08-15,Leeds,ENG,1600.17
2024-08-15,Leicester City,ENG,1643.67
2024-08-15,Liverpool,ENG,1900.69
2024-08-15,Luton Town,ENG,1549.64
2024-08-15,Manchester City,ENG,2050.57
2024-08-15,Manchester Utd,ENG,1779.04
2024-08-15,Middlesbrough,ENG,1540.08
2024-08-15,Millwall,ENG,1454.64
2024-08-15,Newcastle,ENG,1801.8
2024-08-15,Norwich,ENG,1499.81
2024-08-15,Nottingham,ENG,1647.71
2024-08-15,Oxford,ENG,1397.3
2024-08-15,Plymouth,ENG,1399.24
2024-08-15,Portsmouth,ENG,1389.81
2024-08-15,Preston,ENG,1433.69
2024-08-15,QPR,ENG,1438.29
2024-08-15,Sheffield United,ENG,1527.81
2024-08-15,Sheffield Wed,ENG,1460.04
2024-08-15,Southampton,ENG,1599.6
2024-08-15,Stoke,ENG,1468.7
2024-08-15,Sunderland,ENG,1447.18
2024-08-15,Swansea,ENG,1472.06
2024-08-15,Tottenham,ENG,1790.56
2024-08-15,Watford,ENG,1475.17
2024-08-15,West Bromwich Albion,ENG,1534.36
2024-08-15,West Ham,ENG,1726.24
2024-08-15,Wolves,ENG,1677.86
2024-09-01,Arsenal,ENG,1950.36
2024-09-01,Aston Villa,ENG,1777.81
2024-09-01,Blackburn,ENG,1469.13
2024-09-01,Bournemouth,ENG,1702.65
2024-09-01,Brentford,ENG,1720.59
2024-09-01,Brighton,ENG,1744.24
2024-09-01,Bristol City,ENG,1462.82
2024-09-01,Burnley,ENG,1614.49
2024-09-01,Cardiff,ENG,1383.9
2024-09-01,Chelsea,ENG,1818.39
2024-09-01,Coventry,ENG,1483.85
2024-09-01,Crystal Palace,ENG,1737.58
2024-09-01,Derby,ENG,1398.85
2024-09-01,Everton,ENG,1673.04
2024-09-01,Fulham,ENG,1713.83
2024-09-01,Hull,ENG,1485.56
2024-09-01,Ipswich Town,ENG,1567.4
2024-09-01,Leeds,ENG,1613.72
2024-09-01,Leicester City,ENG,1635.53
2024-09-01,Liverpool,ENG,1908.05
2024-09-01,Luton Town,ENG,1525.37
2024-09-01,Manchester City,ENG,2060.21
2024-09-01,Manchester Utd,ENG,1776.54
2024-09-01,Middlesbrough,ENG,1532.94
2024-09-01,Millwall,ENG,1462.65
2024-09-01,Newcastle,ENG,1803.01
2024-09-01,Norwich,ENG,1505.91
2024-09-01,Nottingham,ENG,1654.59
2024-09-01,Oxford,ENG,1399.07
2024-09-01,Plymouth,ENG,1395.09
2024-09-01,Portsmouth,ENG,1387.37
2024-09-01,Preston,ENG,1422.7
2024-09-01,QPR,ENG,1451.78
2024-09-01,Sheffield United,ENG,1525.07
2024-09-01,Sheffield Wed,ENG,1427.26
2024-09-01,Southampton,ENG,1583.9
2024-09-01,Stoke,ENG,1458.36
2024-09-01,Sunderland,ENG,1483.3
2024-09-01,Swansea,ENG,1473.04
2024-09-01,Tottenham,ENG,1796.9
2024-09-01,Watford,ENG,1491.25
2024-09-01,West Bromwich Albion,ENG,1547.77
2024-09-01,West Ham,ENG,1729.66
2024-09-01,Wolves,ENG,1664.87
2024-09-15,Arsenal,ENG,1950.36
2024-09-15,Aston Villa,ENG,1782.06
2024-09-15,Blackburn,ENG,1480.51
2024-09-15,Bournemouth,ENG,1696.31
2024-09-15,Brentford,ENG,1719.39
2024-09-15,Brighton,ENG,1738.45
2024-09-15,Bristol City,ENG,1451.43
2024-09-15,Burnley,ENG,1623.88
2024-09-15,Cardiff,ENG,1377.52
2024-09-15,Chelsea,ENG,1821.04
2024-09-15,Coventry,ENG,1485.41
2024-09-15,Crystal Palace,ENG,1737.0
2024-09-15,Derby,ENG,1405.22
2024-09-15,Everton,ENG,1668.79
2024-09-15,Fulham,ENG,1712.78
2024-09-15,Hull,ENG,1473.75
2024-09-15,Ipswich Town,ENG,1573.19
2024-09-15,Leeds,ENG,1604.32
2024-09-15,Leicester City,ENG,1639.8
2024-09-15,Liverpool,ENG,1903.09
2024-09-15,Luton Town,ENG,1533.22
2024-09-15,Manchester City,ENG,2061.4
2024-09-15,Manchester Utd,ENG,1774.5
2024-09-15,Middlesbrough,ENG,1528.57
2024-09-15,Millwall,ENG,1454.8
2024-09-15,Newcastle,ENG,1809.33
2024-09-15,Norwich,ENG,1498.43
2024-09-15,Nottingham,ENG,1669.72
2024-09-15,Oxford,ENG,1407.36
2024-09-15,Plymouth,ENG,1404.28
2024-09-15,Portsmouth,ENG,1387.37
2024-09-15,Preston,ENG,1427.07
2024-09-15,QPR,ENG,1452.59
2024-09-15,Sheffield United,ENG,1542.64
2024-09-15,Sheffield Wed,ENG,1426.45
2024-09-15,Southampton,ENG,1575.78
2024-09-15,Stoke,ENG,1450.07
2024-09-15,Sunderland,ENG,1474.11
2024-09-15,Swansea,ENG,1480.51
2024-09-15,Tottenham,ENG,1790.58
2024-09-15,Watford,ENG,1483.93
2024-09-15,West Bromwich Albion,ENG,1547.77
2024-09-15,West Ham,ENG,1730.72
2024-09-15,Wolves,ENG,1664.87
2024-10-01,Arsenal,ENG,1964.94
2024-10-01,Aston Villa,ENG,1794.3
2024-10-01,Blackburn,ENG,1492.48
2024-10-01,Bournemouth,ENG,1701.15
2024-10-01,Brentford,ENG,1714.49
2024-10-01,Brighton,ENG,1732.53
2024-10-01,Bristol City,ENG,1463.2
2024-10-01,Burnley,ENG,1624.98
2024-10-01,Cardiff,ENG,1368.4
2024-10-01,Chelsea,ENG,1842.41
2024-10-01,Coventry,ENG,1472.98
2024-10-01,Crystal Palace,ENG,1731.7
2024-10-01,Derby,ENG,1398.47
2024-10-01,Everton,ENG,1681.41
2024-10-01,Fulham,ENG,1737.39
2024-10-01,Hull,ENG,1497.01
2024-10-01,Ipswich Town,ENG,1582.58
2024-10-01,Leeds,ENG,1619.84
2024-10-01,Leicester City,ENG,1640.82
2024-10-01,Liverpool,ENG,1925.49
2024-10-01,Luton Town,ENG,1526.56
2024-10-01,Manchester City,ENG,2050.6
2024-10-01,Manchester Utd,ENG,1757.0
2024-10-01,Middlesbrough,ENG,1530.64
2024-10-01,Millwall,ENG,1468.29
2024-10-01,Newcastle,ENG,1810.56
2024-10-01,Norwich,ENG,1519.8
2024-10-01,Nottingham,ENG,1668.51
2024-10-01,Oxford,ENG,1409.78
2024-10-01,Plymouth,ENG,1418.83
2024-10-01,Portsmouth,ENG,1382.72
2024-10-01,Preston,ENG,1422.04
2024-10-01,QPR,ENG,1446.31
2024-10-01,Sheffield United,ENG,1546.6
2024-10-01,Sheffield Wed,ENG,1436.06
2024-10-01,Southampton,ENG,1572.33
2024-10-01,Stoke,ENG,1434.32
2024-10-01,Sunderland,ENG,1478.88
2024-10-01,Swansea,ENG,1490.99
2024-10-01,Tottenham,ENG,1814.53
2024-10-01,Watford,ENG,1483.18
2024-10-01,West Bromwich Albion,ENG,1553.74
2024-10-01,West Ham,ENG,1723.84
2024-10-01,Wolves,ENG,1654.28
2024-10-15,Arsenal,ENG,1981.59
2024-10-15,Aston Villa,ENG,1809.55
2024-10-15,Blackburn,ENG,1481.3
2024-10-15,Bournemouth,ENG,1702.37
2024-10-15,Brentford,ENG,1730.89
2024-10-15,Brighton,ENG,1750.22
2024-10-15,Bristol City,ENG,1466.06
2024-10-15,Burnley,ENG,1630.55
2024-10-15,Cardiff,ENG,1390.91
2024-10-15,Chelsea,ENG,1848.47
2024-10-15,Coventry,ENG,1483.53
2024-10-15,Crystal Palace,ENG,1736.3
2024-10-15,Derby,ENG,1411.81
2024-10-15,Everton,ENG,1692.6
2024-10-15,Fulham,ENG,1745.25
2024-10-15,Hull,ENG,1505.62
2024-10-15,Ipswich Town,ENG,1585.93
2024-10-15,Leeds,ENG,1625.72
2024-10-15,Leicester City,ENG,1658.03
2024-10-15,Liverpool,ENG,1943.17
2024-10-15,Luton Town,ENG,1523.08
2024-10-15,Manchester City,ENG,2062.18
2024-10-15,Manchester Utd,ENG,1772.52
2024-10-15,Middlesbrough,ENG,1541.6
2024-10-15,Millwall,ENG,1472.09
2024-10-15,Newcastle,ENG,1817.79
2024-10-15,Norwich,ENG,1542.67
2024-10-15,Nottingham,ENG,1683.7
2024-10-15,Oxford,ENG,1424.06
2024-10-15,Plymouth,ENG,1433.66
2024-10-15,Portsmouth,ENG,1379.44
2024-10-15,Preston,ENG,1451.64
2024-10-15,QPR,ENG,1432.88
2024-10-15,Sheffield United,ENG,1569.11
2024-10-15,Sheffield Wed,ENG,1458.54
2024-10-15,Southampton,ENG,1580.39
2024-10-15,Stoke,ENG,1458.33
2024-10-15,Sunderland,ENG,1496.86
2024-10-15,Swansea,ENG,1492.21
2024-10-15,Tottenham,ENG,1817.91
2024-10-15,Watford,ENG,1486.54
2024-10-15,West Bromwich Albion,ENG,1548.91
2024-10-15,West Ham,ENG,1738.91
2024-10-15,Wolves,ENG,1656.29
2024-11-01,Arsenal,ENG,1969.05
2024-11-01,Aston Villa,ENG,1830.11
2024-11-01,Blackburn,ENG,1488.59
2024-11-01,Bournemouth,ENG,1733.11
2024-11-01,Brentford,ENG,1736.28
2024-11-01,Brighton,ENG,1764.42
2024-11-01,Bristol City,ENG,1493.65
2024-11-01,Burnley,ENG,1636.78
2024-11-01,Cardiff,ENG,1428.78
2024-11-01,Chelsea,ENG,1862.51
2024-11-01,Coventry,ENG,1491.54
2024-11-01,Crystal Palace,ENG,1744.99
2024-11-01,Derby,ENG,1425.31
2024-11-01,Everton,ENG,1708.98
2024-11-01,Fulham,ENG,1742.29
2024-11-01,Hull,ENG,1504.91
2024-11-01,Ipswich Town,ENG,1580.44
2024-11-01,Leeds,ENG,1641.06
2024-11-01,Leicester City,ENG,1660.33
2024-11-01,Liverpool,ENG,1964.46
2024-11-01,Luton Town,ENG,1522.02
2024-11-01,Manchester City,ENG,2073.82
2024-11-01,Manchester Utd,ENG,1777.36
2024-11-01,Middlesbrough,ENG,1541.98
2024-11-01,Millwall,ENG,1491.57
2024-11-01,Newcastle,ENG,1808.85
2024-11-01,Norwich,ENG,1546.93
2024-11-01,Nottingham,ENG,1711.75
2024-11-01,Oxford,ENG,1425.08
2024-11-01,Plymouth,ENG,1418.6
2024-11-01,Portsmouth,ENG,1381.55
2024-11-01,Preston,ENG,1467.4
2024-11-01,QPR,ENG,1435.63
2024-11-01,Sheffield United,ENG,1568.07
2024-11-01,Sheffield Wed,ENG,1465.6
2024-11-01,Southampton,ENG,1579.82
2024-11-01,Stoke,ENG,1459.24
2024-11-01,Sunderland,ENG,1530.83
2024-11-01,Swansea,ENG,1483.67
2024-11-01,Tottenham,ENG,1825.84
2024-11-01,Watford,ENG,1488.15
2024-11-01,West Bromwich Albion,ENG,1549.7
2024-11-01,West Ham,ENG,1746.26
2024-11-01,Wolves,ENG,1666.71
2024-11-15,Arsenal,ENG,1943.19
2024-11-15,Aston Villa,ENG,1796.74
2024-11-15,Blackburn,ENG,1467.12
2024-11-15,Bournemouth,ENG,1731.57
2024-11-15,Brentford,ENG,1727.7
2024-11-15,Brighton,ENG,1765.95
2024-11-15,Bristol City,ENG,1504.41
2024-11-15,Burnley,ENG,1620.73
2024-11-15,Cardiff,ENG,1411.86
2024-11-15,Chelsea,ENG,1854.22
2024-11-15,Coventry,ENG,1492.14
2024-11-15,Crystal Palace,ENG,1721.79
2024-11-15,Derby,ENG,1420.47
2024-11-15,Everton,ENG,1693.07
2024-11-15,Fulham,ENG,1753.02
2024-11-15,Hull,ENG,1473.89
2024-11-15,Ipswich Town,ENG,1586.77
2024-11-15,Leeds,ENG,1629.06
2024-11-15,Leicester City,ENG,1644.4
2024-11-15,Liverpool,ENG,1971.55
2024-11-15,Luton Town,ENG,1504.23
2024-11-15,Manchester City,ENG,2018.32
2024-11-15,Manchester Utd,ENG,1778.55
2024-11-15,Middlesbrough,ENG,1538.97
2024-11-15,Millwall,ENG,1503.97
2024-11-15,Newcastle,ENG,1820.42
2024-11-15,Norwich,ENG,1501.27
2024-11-15,Nottingham,ENG,1705.01
2024-11-15,Oxford,ENG,1411.6
2024-11-15,Plymouth,ENG,1413.44
2024-11-15,Portsmouth,ENG,1383.52
2024-11-15,Preston,ENG,1433.91
2024-11-15,QPR,ENG,1411.0
2024-11-15,Sheffield United,ENG,1581.36
2024-11-15,Sheffield Wed,ENG,1446.85
2024-11-15,Southampton,ENG,1574.02
2024-11-15,Stoke,ENG,1469.16
2024-11-15,Sunderland,ENG,1517.84
2024-11-15,Swansea,ENG,1485.93
2024-11-15,Tottenham,ENG,1803.9
2024-11-15,Watford,ENG,1495.3
2024-11-15,West Bromwich Albion,ENG,1550.37
2024-11-15,West Ham,ENG,1721.82
2024-11-15,Wolves,ENG,1664.36
2024-12-01,Arsenal,ENG,1977.47
2024-12-01,Aston Villa,ENG,1798.8
2024-12-01,Blackburn,ENG,1496.01
2024-12-01,Bournemouth,ENG,1741.2
2024-12-01,Brentford,ENG,1742.68
2024-12-01,Brighton,ENG,1774.88
2024-12-01,Bristol City,ENG,1506.52
2024-12-01,Burnley,ENG,1646.91
2024-12-01,Cardiff,ENG,1411.14
2024-12-01,Chelsea,ENG,1871.19
2024-12-01,Coventry,ENG,1490.17
2024-12-01,Crystal Palace,ENG,1732.7
2024-12-01,Derby,ENG,1420.95
2024-12-01,Everton,ENG,1698.64
2024-12-01,Fulham,ENG,1738.84
2024-12-01,Hull,ENG,1453.93
2024-12-01,Ipswich Town,ENG,1592.8
2024-12-01,Leeds,ENG,1637.01
2024-12-01,Leicester City,ENG,1638.75
2024-12-01,Liverpool,ENG,1986.96
2024-12-01,Luton Town,ENG,1500.88
2024-12-01,Manchester City,ENG,1988.89
2024-12-01,Manchester Utd,ENG,1783.57
2024-12-01,Middlesbrough,ENG,1553.03
2024-12-01,Millwall,ENG,1507.43
2024-12-01,Newcastle,ENG,1809.46
2024-12-01,Norwich,ENG,1529.56
2024-12-01,Nottingham,ENG,1711.94
2024-12-01,Oxford,ENG,1401.85
2024-12-01,Plymouth,ENG,1401.35
2024-12-01,Portsmouth,ENG,1394.26
2024-12-01,Preston,ENG,1442.45
2024-12-01,QPR,ENG,1434.71
2024-12-01,Sheffield United,ENG,1597.22
2024-12-01,Sheffield Wed,ENG,1464.87
2024-12-01,Southampton,ENG,1585.16
2024-12-01,Stoke,ENG,1465.47
2024-12-01,Sunderland,ENG,1519.77
2024-12-01,Swansea,ENG,1490.32
2024-12-01,Tottenham,ENG,1834.32
2024-12-01,Watford,ENG,1504.28
2024-12-01,West Bromwich Albion,ENG,1552.81
2024-12-01,West Ham,ENG,1738.15
2024-12-01,Wolves,ENG,1679.43
2024-12-15,Arsenal,ENG,1975.82
2024-12-15,Aston Villa,ENG,1803.11
2024-12-15,Blackburn,ENG,1524.55
2024-12-15,Bournemouth,ENG,1757.7
2024-12-15,Brentford,ENG,1749.33
2024-12-15,Brighton,ENG,1765.46
2024-12-15,Bristol City,ENG,1492.52
2024-12-15,Burnley,ENG,1638.1
2024-12-15,Cardiff,ENG,1404.22
2024-12-15,Chelsea,ENG,1896.25
2024-12-15,Coventry,ENG,1500.42
2024-12-15,Crystal Palace,ENG,1745.68
2024-12-15,Derby,ENG,1431.35
2024-12-15,Everton,ENG,1711.92
2024-12-15,Fulham,ENG,1766.95
2024-12-15,Hull,ENG,1442.22
2024-12-15,Ipswich Town,ENG,1595.27
2024-12-15,Leeds,ENG,1645.28
2024-12-15,Leicester City,ENG,1648.95
2024-12-15,Liverpool,ENG,1991.39
2024-12-15,Luton Town,ENG,1497.86
2024-12-15,Manchester City,ENG,1966.65
2024-12-15,Manchester Utd,ENG,1785.76
2024-12-15,Middlesbrough,ENG,1558.36
2024-12-15,Millwall,ENG,1487.34
2024-12-15,Newcastle,ENG,1809.88
2024-12-15,Norwich,ENG,1514.96
2024-12-15,Nottingham,ENG,1731.5
2024-12-15,Oxford,ENG,1385.22
2024-12-15,Plymouth,ENG,1393.02
2024-12-15,Portsmouth,ENG,1401.18
2024-12-15,Preston,ENG,1463.32
2024-12-15,QPR,ENG,1463.09
2024-12-15,Sheffield United,ENG,1610.56
2024-12-15,Sheffield Wed,ENG,1475.53
2024-12-15,Southampton,ENG,1579.6
2024-12-15,Stoke,ENG,1453.63
2024-12-15,Sunderland,ENG,1533.87
2024-12-15,Swansea,ENG,1492.71
2024-12-15,Tottenham,ENG,1812.92
2024-12-15,Watford,ENG,1506.66
2024-12-15,West Bromwich Albion,ENG,1562.11
2024-12-15,West Ham,ENG,1732.55
2024-12-15,Wolves,ENG,1652.57
2025-01-01,Arsenal,ENG,1985.34
2025-01-01,Aston Villa,ENG,1799.41
2025-01-01,Blackburn,ENG,1504.46
2025-01-01,Bournemouth,ENG,1773.64
2025-01-01,Brentford,ENG,1734.68
2025-01-01,Brighton,ENG,1753.26
2025-01-01,Bristol City,ENG,1500.22
2025-01-01,Burnley,ENG,1659.63
2025-01-01,Cardiff,ENG,1403.74
2025-01-01,Chelsea,ENG,1864.35
2025-01-01,Coventry,ENG,1491.5
2025-01-01,Crystal Palace,ENG,1756.65
2025-01-01,Derby,ENG,1432.38
2025-01-01,Everton,ENG,1709.6
2025-01-01,Fulham,ENG,1771.66
2025-01-01,Hull,ENG,1455.23
2025-01-01,Ipswich Town,ENG,1605.54
2025-01-01,Leeds,ENG,1659.88
2025-01-01,Leicester City,ENG,1627.46
2025-01-01,Liverpool,ENG,2009.38
2025-01-01,Luton Town,ENG,1489.53
2025-01-01,Manchester City,ENG,1940.05
2025-01-01,Manchester Utd,ENG,1756.4
2025-01-01,Middlesbrough,ENG,1553.28
2025-01-01,Millwall,ENG,1490.56
2025-01-01,Newcastle,ENG,1840.6
2025-01-01,Norwich,ENG,1506.07
2025-01-01,Nottingham,ENG,1766.36
2025-01-01,Oxford,ENG,1397.55
2025-01-01,Plymouth,ENG,1378.29
2025-01-01,Portsmouth,ENG,1404.9
2025-01-01,Preston,ENG,1473.31
2025-01-01,QPR,ENG,1462.15
2025-01-01,Sheffield United,ENG,1601.27
2025-01-01,Sheffield Wed,ENG,1477.71
2025-01-01,Southampton,ENG,1569.21
2025-01-01,Stoke,ENG,1448.04
2025-01-01,Sunderland,ENG,1531.59
2025-01-01,Swansea,ENG,1502.24
2025-01-01,Tottenham,ENG,1799.63
2025-01-01,Watford,ENG,1502.6
2025-01-01,West Bromwich Albion,ENG,1554.59
2025-01-01,West Ham,ENG,1731.69
2025-01-01,Wolves,ENG,1686.93
2025-01-15,Arsenal,ENG,1985.78
2025-01-15,Aston Villa,ENG,1802.28
2025-01-15,Blackburn,ENG,1503.91
2025-01-15,Bournemouth,ENG,1782.62
2025-01-15,Brentford,ENG,1745.59
2025-01-15,Brighton,ENG,1757.93
2025-01-15,Bristol City,ENG,1503.24
2025-01-15,Burnley,ENG,1659.16
2025-01-15,Cardiff,ENG,1410.51
2025-01-15,Chelsea,ENG,1859.11
2025-01-15,Coventry,ENG,1484.94
2025-01-15,Crystal Palace,ENG,1757.97
2025-01-15,Derby,ENG,1419.94
2025-01-15,Everton,ENG,1704.53
2025-01-15,Fulham,ENG,1758.53
2025-01-15,Hull,ENG,1452.19
2025-01-15,Ipswich Town,ENG,1611.27
2025-01-15,Leeds,ENG,1650.42
2025-01-15,Leicester City,ENG,1624.59
2025-01-15,Liverpool,ENG,1997.82
2025-01-15,Luton Town,ENG,1473.74
2025-01-15,Manchester City,ENG,1940.29
2025-01-15,Manchester Utd,ENG,1763.57
2025-01-15,Middlesbrough,ENG,1554.72
2025-01-15,Millwall,ENG,1480.37
2025-01-15,Newcastle,ENG,1848.97
2025-01-15,Norwich,ENG,1520.94
2025-01-15,Nottingham,ENG,1783.71
2025-01-15,Oxford,ENG,1413.83
2025-01-15,Plymouth,ENG,1382.9
2025-01-15,Portsmouth,ENG,1419.23
2025-01-15,Preston,ENG,1463.44
2025-01-15,QPR,ENG,1479.6
2025-01-15,Sheffield United,ENG,1599.85
2025-01-15,Sheffield Wed,ENG,1483.44
2025-01-15,Southampton,ENG,1557.1
2025-01-15,Stoke,ENG,1450.86
2025-01-15,Sunderland,ENG,1543.92
2025-01-15,Swansea,ENG,1484.46
2025-01-15,Tottenham,ENG,1791.26
2025-01-15,Watford,ENG,1484.41
2025-01-15,West Bromwich Albion,ENG,1560.72
2025-01-15,West Ham,ENG,1734.95
2025-01-15,Wolves,ENG,1673.98
2025-02-01,Arsenal,ENG,1990.55
2025-02-01,Aston Villa,ENG,1810.13
2025-02-01,Blackburn,ENG,1490.07
2025-02-01,Bournemouth,ENG,1817.39
2025-02-01,Brentford,ENG,1752.4
2025-02-01,Brighton,ENG,1769.32
2025-02-01,Bristol City,ENG,1505.11
2025-02-01,Burnley,ENG,1661.29
2025-02-01,Cardiff,ENG,1435.39
2025-02-01,Chelsea,ENG,1857.31
2025-02-01,Coventry,ENG,1513.24
2025-02-01,Crystal Palace,ENG,1769.54
2025-02-01,Derby,ENG,1397.85
2025-02-01,Everton,ENG,1719.11
2025-02-01,Fulham,ENG,1758.32
2025-02-01,Hull,ENG,1477.97
2025-02-01,Ipswich Town,ENG,1597.46
2025-02-01,Leeds,ENG,1663.43
2025-02-01,Leicester City,ENG,1622.28
2025-02-01,Liverpool,ENG,1996.88
2025-02-01,Luton Town,ENG,1455.62
2025-02-01,Manchester City,ENG,1947.53
2025-02-01,Manchester Utd,ENG,1773.39
2025-02-01,Middlesbrough,ENG,1546.77
2025-02-01,Millwall,ENG,1485.93
2025-02-01,Newcastle,ENG,1839.71
2025-02-01,Norwich,ENG,1521.73
2025-02-01,Nottingham,ENG,1773.07
2025-02-01,Oxford,ENG,1433.99
2025-02-01,Plymouth,ENG,1375.95
2025-02-01,Portsmouth,ENG,1417.03
2025-02-01,Preston,ENG,1478.98
2025-02-01,QPR,ENG,1482.85
2025-02-01,Sheffield United,ENG,1590.54
2025-02-01,Sheffield Wed,ENG,1492.31
2025-02-01,Southampton,ENG,1548.53
2025-02-01,Stoke,ENG,1443.96
2025-02-01,Sunderland,ENG,1549.79
2025-02-01,Swansea,ENG,1453.98
2025-02-01,Tottenham,ENG,1775.76
2025-02-01,Watford,ENG,1480.32
2025-02-01,West Bromwich Albion,ENG,1555.94
2025-02-01,West Ham,ENG,1727.7
2025-02-01,Wolves,ENG,1664.06
2025-02-15,Arsenal,ENG,1999.49
2025-02-15,Aston Villa,ENG,1793.17
2025-02-15,Blackburn,ENG,1496.42
2025-02-15,Bournemouth,ENG,1808.38
2025-02-15,Brentford,ENG,1738.05
2025-02-15,Brighton,ENG,1765.52
2025-02-15,Bristol City,ENG,1499.65
2025-02-15,Burnley,ENG,1660.67
2025-02-15,Cardiff,ENG,1419.95
2025-02-15,Chelsea,ENG,1842.71
2025-02-15,Coventry,ENG,1520.1
2025-02-15,Crystal Palace,ENG,1780.71
2025-02-15,Derby,ENG,1385.52
2025-02-15,Everton,ENG,1731.52
2025-02-15,Fulham,ENG,1767.26
2025-02-15,Hull,ENG,1461.03
2025-02-15,Ipswich Town,ENG,1584.51
2025-02-15,Leeds,ENG,1684.01
2025-02-15,Leicester City,ENG,1611.02
2025-02-15,Liverpool,ENG,1995.58
2025-02-15,Luton Town,ENG,1449.48
2025-02-15,Manchester City,ENG,1926.48
2025-02-15,Manchester Utd,ENG,1757.62
2025-02-15,Middlesbrough,ENG,1527.65
2025-02-15,Millwall,ENG,1471.36
2025-02-15,Newcastle,ENG,1826.18
2025-02-15,Norwich,ENG,1512.22
2025-02-15,Nottingham,ENG,1788.28
2025-02-15,Oxford,ENG,1430.2
2025-02-15,Plymouth,ENG,1404.1
2025-02-15,Portsmouth,ENG,1423.66
2025-02-15,Preston,ENG,1487.32
2025-02-15,QPR,ENG,1484.79
2025-02-15,Sheffield United,ENG,1603.43
2025-02-15,Sheffield Wed,ENG,1490.63
2025-02-15,Southampton,ENG,1556.9
2025-02-15,Stoke,ENG,1443.69
2025-02-15,Sunderland,ENG,1559.44
2025-02-15,Swansea,ENG,1443.06
2025-02-15,Tottenham,ENG,1785.53
2025-02-15,Watford,ENG,1464.73
2025-02-15,West Bromwich Albion,ENG,1531.94
2025-02-15,West Ham,ENG,1721.72
2025-02-15,Wolves,ENG,1676.43
2025-03-01,Arsenal,ENG,1979.18
2025-03-01,Aston Villa,ENG,1783.92
2025-03-01,Blackburn,ENG,1485.11
2025-03-01,Bournemouth,ENG,1790.53
2025-03-01,Brentford,ENG,1753.66
2025-03-01,Brighton,ENG,1778.49
2025-03-01,Bristol City,ENG,1503.44
2025-03-01,Burnley,ENG,1661.0
2025-03-01,Cardiff,ENG,1427.15
2025-03-01,Chelsea,ENG,1835.33
2025-03-01,Coventry,ENG,1531.93
2025-03-01,Crystal Palace,ENG,1793.05
2025-03-01,Derby,ENG,1375.62
2025-03-01,Everton,ENG,1740.51
2025-03-01,Fulham,ENG,1765.68
2025-03-01,Hull,ENG,1461.99
2025-03-01,Ipswich Town,ENG,1577.69
2025-03-01,Leeds,ENG,1695.66
2025-03-01,Leicester City,ENG,1589.38
2025-03-01,Liverpool,ENG,2004.54
2025-03-01,Luton Town,ENG,1430.22
2025-03-01,Manchester City,ENG,1919.0
2025-03-01,Manchester Utd,ENG,1753.38
2025-03-01,Middlesbrough,ENG,1517.65
2025-03-01,Millwall,ENG,1478.17
2025-03-01,Newcastle,ENG,1816.95
2025-03-01,Norwich,ENG,1517.19
2025-03-01,Nottingham,ENG,1776.99
2025-03-01,Oxford,ENG,1408.11
2025-03-01,Plymouth,ENG,1396.99
2025-03-01,Portsmouth,ENG,1442.55
2025-03-01,Preston,ENG,1480.2
2025-03-01,QPR,ENG,1474.15
2025-03-01,Sheffield United,ENG,1595.98
2025-03-01,Sheffield Wed,ENG,1465.4
2025-03-01,Southampton,ENG,1537.95
2025-03-01,Stoke,ENG,1432.2
2025-03-01,Sunderland,ENG,1548.56
2025-03-01,Swansea,ENG,1445.85
2025-03-01,Tottenham,ENG,1790.23
2025-03-01,Watford,ENG,1481.42
2025-03-01,West Bromwich Albion,ENG,1534.99
2025-03-01,West Ham,ENG,1731.25
2025-03-01,Wolves,ENG,1677.75
2025-03-15,Arsenal,ENG,1995.4
2025-03-15,Aston Villa,ENG,1821.52
2025-03-15,Blackburn,ENG,1479.6
2025-03-15,Bournemouth,ENG,1804.71
2025-03-15,Brentford,ENG,1758.22
2025-03-15,Brighton,ENG,1797.78
2025-03-15,Bristol City,ENG,1536.53
2025-03-15,Burnley,ENG,1678.02
2025-03-15,Cardiff,ENG,1423.1
2025-03-15,Chelsea,ENG,1853.27
2025-03-15,Coventry,ENG,1539.68
2025-03-15,Crystal Palace,ENG,1808.43
2025-03-15,Derby,ENG,1410.24
2025-03-15,Everton,ENG,1752.95
2025-03-15,Fulham,ENG,1772.11
2025-03-15,Hull,ENG,1490.2
2025-03-15,Ipswich Town,ENG,1588.03
2025-03-15,Leeds,ENG,1694.02
2025-03-15,Leicester City,ENG,1600.19
2025-03-15,Liverpool,ENG,2014.81
2025-03-15,Luton Town,ENG,1454.19
2025-03-15,Manchester City,ENG,1921.52
2025-03-15,Manchester Utd,ENG,1785.17
2025-03-15,Middlesbrough,ENG,1530.93
2025-03-15,Millwall,ENG,1484.37
2025-03-15,Newcastle,ENG,1836.78
2025-03-15,Norwich,ENG,1509.5
2025-03-15,Nottingham,ENG,1800.2
2025-03-15,Oxford,ENG,1413.95
2025-03-15,Plymouth,ENG,1401.08
2025-03-15,Portsmouth,ENG,1450.27
2025-03-15,Preston,ENG,1490.21
2025-03-15,QPR,ENG,1470.04
2025-03-15,Sheffield United,ENG,1615.18
2025-03-15,Sheffield Wed,ENG,1501.0
2025-03-15,Southampton,ENG,1550.01
2025-03-15,Stoke,ENG,1448.79
2025-03-15,Sunderland,ENG,1561.86
2025-03-15,Swansea,ENG,1463.36
2025-03-15,Tottenham,ENG,1805.86
2025-03-15,Watford,ENG,1490.86
2025-03-15,West Bromwich Albion,ENG,1563.14
2025-03-15,West Ham,ENG,1737.13
2025-03-15,Wolves,ENG,1691.03
2025-04-01,Arsenal,ENG,1998.97
2025-04-01,Aston Villa,ENG,1821.52
2025-04-01,Blackburn,ENG,1461.22
2025-04-01,Bournemouth,ENG,1794.07
2025-04-01,Brentford,ENG,1768.86
2025-04-01,Brighton,ENG,1802.44
2025-04-01,Bristol City,ENG,1532.85
2025-04-01,Burnley,ENG,1687.75
2025-04-01,Cardiff,ENG,1434.35
2025-04-01,Chelsea,ENG,1849.7
2025-04-01,Coventry,ENG,1545.08
2025-04-01,Crystal Palace,ENG,1808.43
2025-04-01,Derby,ENG,1419.42
2025-04-01,Everton,ENG,1751.03
2025-04-01,Fulham,ENG,1782.73
2025-04-01,Hull,ENG,1483.1
2025-04-01,Ipswich Town,ENG,1582.15
2025-04-01,Leeds,ENG,1682.71
2025-04-01,Leicester City,ENG,1592.07
2025-04-01,Liverpool,ENG,2014.81
2025-04-01,Luton Town,ENG,1465.45
2025-04-01,Manchester City,ENG,1916.85
2025-04-01,Manchester Utd,ENG,1793.3
2025-04-01,Middlesbrough,ENG,1534.44
2025-04-01,Millwall,ENG,1484.89
2025-04-01,Newcastle,ENG,1836.78
2025-04-01,Norwich,ENG,1517.6
2025-04-01,Nottingham,ENG,1806.07
2025-04-01,Oxford,ENG,1418.57
2025-04-01,Plymouth,ENG,1395.75
2025-04-01,Portsmouth,ENG,1451.86
2025-04-01,Preston,ENG,1496.03
2025-04-01,QPR,ENG,1463.76
2025-04-01,Sheffield United,ENG,1628.8
2025-04-01,Sheffield Wed,ENG,1494.4
2025-04-01,Southampton,ENG,1544.37
2025-04-01,Stoke,ENG,1453.61
2025-04-01,Sunderland,ENG,1554.68
2025-04-01,Swansea,ENG,1464.03
2025-04-01,Tottenham,ENG,1795.24
2025-04-01,Watford,ENG,1478.17
2025-04-01,West Bromwich Albion,ENG,1551.61
2025-04-01,West Ham,ENG,1739.05
2025-04-01,Wolves,ENG,1696.67
2025-04-15,Arsenal,ENG,2000.47
2025-04-15,Aston Villa,ENG,1844.73
2025-04-15,Blackburn,ENG,1461.59
2025-04-15,Bournemouth,ENG,1788.55
2025-04-15,Brentford,ENG,1773.41
2025-04-15,Brighton,ENG,1776.22
2025-04-15,Bristol City,ENG,1546.27
2025-04-15,Burnley,ENG,1692.7
2025-04-15,Cardiff,ENG,1431.88
2025-04-15,Chelsea,ENG,1849.31
2025-04-15,Coventry,ENG,1545.01
2025-04-15,Crystal Palace,ENG,1803.7
2025-04-15,Derby,ENG,1434.8
2025-04-15,Everton,ENG,1766.83
2025-04-15,Fulham,ENG,1787.51
2025-04-15,Hull,ENG,1487.2
2025-04-15,Ipswich Town,ENG,1598.5
2025-04-15,Leeds,ENG,1688.38
2025-04-15,Leicester City,ENG,1591.92
2025-04-15,Liverpool,ENG,2007.41
2025-04-15,Luton Town,ENG,1462.47
2025-04-15,Manchester City,ENG,1925.22
2025-04-15,Manchester Utd,ENG,1784.0
2025-04-15,Middlesbrough,ENG,1533.02
2025-04-15,Millwall,ENG,1512.9
2025-04-15,Newcastle,ENG,1858.42
2025-04-15,Norwich,ENG,1506.58
2025-04-15,Nottingham,ENG,1796.89
2025-04-15,Oxford,ENG,1431.08
2025-04-15,Plymouth,ENG,1409.84
2025-04-15,Portsmouth,ENG,1441.12
2025-04-15,Preston,ENG,1477.31
2025-04-15,QPR,ENG,1475.81
2025-04-15,Sheffield United,ENG,1593.56
2025-04-15,Sheffield Wed,ENG,1475.67
2025-04-15,Southampton,ENG,1543.48
2025-04-15,Stoke,ENG,1465.43
2025-04-15,Sunderland,ENG,1553.99
2025-04-15,Swansea,ENG,1492.19
2025-04-15,Tottenham,ENG,1778.63
2025-04-15,Watford,ENG,1476.0
2025-04-15,West Bromwich Albion,ENG,1542.15
2025-04-15,West Ham,ENG,1730.92
2025-04-15,Wolves,ENG,1724.77
2025-05-01,Arsenal,ENG,1997.35
2025-05-01,Aston Villa,ENG,1855.61
2025-05-01,Blackburn,ENG,1497.4
2025-05-01,Bournemouth,ENG,1792.29
2025-05-01,Brentford,ENG,1786.69
2025-05-01,Brighton,ENG,1776.41
2025-05-01,Bristol City,ENG,1538.02
2025-05-01,Burnley,ENG,1714.82
2025-05-01,Cardiff,ENG,1430.69
2025-05-01,Chelsea,ENG,1865.62
2025-05-01,Coventry,ENG,1535.68
2025-05-01,Crystal Palace,ENG,1800.8
2025-05-01,Derby,ENG,1458.25
2025-05-01,Everton,ENG,1758.6
2025-05-01,Fulham,ENG,1787.45
2025-05-01,Hull,ENG,1480.14
2025-05-01,Ipswich Town,ENG,1596.27
2025-05-01,Leeds,ENG,1708.44
2025-05-01,Leicester City,ENG,1588.48
2025-05-01,Liverpool,ENG,2017.22
2025-05-01,Luton Town,ENG,1496.02
2025-05-01,Manchester City,ENG,1941.68
2025-05-01,Manchester Utd,ENG,1785.17
2025-05-01,Middlesbrough,ENG,1529.45
2025-05-01,Millwall,ENG,1518.7
2025-05-01,Newcastle,ENG,1864.93
2025-05-01,Norwich,ENG,1488.5
2025-05-01,Nottingham,ENG,1810.1
2025-05-01,Oxford,ENG,1446.53
2025-05-01,Plymouth,ENG,1435.28
2025-05-01,Portsmouth,ENG,1469.63
2025-05-01,Preston,ENG,1454.45
2025-05-01,QPR,ENG,1470.89
2025-05-01,Sheffield United,ENG,1606.57
2025-05-01,Sheffield Wed,ENG,1476.45
2025-05-01,Southampton,ENG,1549.61
2025-05-01,Stoke,ENG,1464.15
2025-05-01,Sunderland,ENG,1526.13
2025-05-01,Swansea,ENG,1505.23
2025-05-01,Tottenham,ENG,1780.19
2025-05-01,Watford,ENG,1462.46
2025-05-01,West Bromwich Albion,ENG,1518.34
2025-05-01,West Ham,ENG,1723.31
2025-05-01,Wolves,ENG,1745.77
2025-05-15,Arsenal,ENG,1985.45
2025-05-15,Aston Villa,ENG,1877.14
2025-05-15,Blackburn,ENG,1510.24
2025-05-15,Bournemouth,ENG,1806.69
2025-05-15,Brentford,ENG,1820.23
2025-05-15,Brighton,ENG,1797.83
2025-05-15,Bristol City,ENG,1521.11
2025-05-15,Burnley,ENG,1727.23
2025-05-15,Cardiff,ENG,1431.74
2025-05-15,Chelsea,ENG,1880.42
2025-05-15,Coventry,ENG,1543.96
2025-05-15,Crystal Palace,ENG,1820.28
2025-05-15,Derby,ENG,1465.2
2025-05-15,Everton,ENG,1776.2
2025-05-15,Fulham,ENG,1776.09
2025-05-15,Hull,ENG,1489.86
2025-05-15,Ipswich Town,ENG,1605.94
2025-05-15,Leeds,ENG,1719.99
2025-05-15,Leicester City,ENG,1611.09
2025-05-15,Liverpool,ENG,2008.67
2025-05-15,Luton Town,ENG,1495.67
2025-05-15,Manchester City,ENG,1945.1
2025-05-15,Manchester Utd,ENG,1797.14
2025-05-15,Middlesbrough,ENG,1528.74
2025-05-15,Millwall,ENG,1523.09
2025-05-15,Newcastle,ENG,1882.33
2025-05-15,Norwich,ENG,1504.26
2025-05-15,Nottingham,ENG,1799.76
2025-05-15,Oxford,ENG,1458.14
2025-05-15,Plymouth,ENG,1440.53
2025-05-15,Portsmouth,ENG,1476.71
2025-05-15,Preston,ENG,1466.68
2025-05-15,QPR,ENG,1490.43
2025-05-15,Sheffield United,ENG,1632.01
2025-05-15,Sheffield Wed,ENG,1486.08
2025-05-15,Southampton,ENG,1557.66
2025-05-15,Stoke,ENG,1474.0
2025-05-15,Sunderland,ENG,1532.63
2025-05-15,Swansea,ENG,1510.43
2025-05-15,Tottenham,ENG,1784.55
2025-05-15,Watford,ENG,1469.64
2025-05-15,West Bromwich Albion,ENG,1535.5
2025-05-15,West Ham,ENG,1747.89
2025-05-15,Wolves,ENG,1739.45
2025-06-01,Arsenal,ENG,1993.34
2025-06-01,Aston Villa,ENG,1872.84
2025-06-01,Blackburn,ENG,1512.61
2025-06-01,Bournemouth,ENG,1808.1
2025-06-01,Brentford,ENG,1811.27
2025-06-01,Brighton,ENG,1827.13
2025-06-01,Bristol City,ENG,1523.48
2025-06-01,Burnley,ENG,1729.6
2025-06-01,Cardiff,ENG,1434.1
2025-06-01,Chelsea,ENG,1902.8
2025-06-01,Coventry,ENG,1546.33
2025-06-01,Crystal Palace,ENG,1835.04
2025-06-01,Derby,ENG,1467.56
2025-06-01,Everton,ENG,1793.98
2025-06-01,Fulham,ENG,1781.72
2025-06-01,Hull,ENG,1492.23
2025-06-01,Ipswich Town,ENG,1591.07
2025-06-01,Leeds,ENG,1722.36
2025-06-01,Leicester City,ENG,1618.57
2025-06-01,Liverpool,ENG,1993.42
2025-06-01,Luton Town,ENG,1498.03
2025-06-01,Manchester City,ENG,1959.94
2025-06-01,Manchester Utd,ENG,1799.46
2025-06-01,Middlesbrough,ENG,1531.11
2025-06-01,Millwall,ENG,1525.46
2025-06-01,Newcastle,ENG,1868.55
2025-06-01,Norwich,ENG,1506.63
2025-06-01,Nottingham,ENG,1802.87
2025-06-01,Oxford,ENG,1460.51
2025-06-01,Plymouth,ENG,1442.9
2025-06-01,Portsmouth,ENG,1479.08
2025-06-01,Preston,ENG,1469.05
2025-06-01,QPR,ENG,1492.8
2025-06-01,Sheffield United,ENG,1622.27
2025-06-01,Sheffield Wed,ENG,1488.45
2025-06-01,Southampton,ENG,1555.24
2025-06-01,Stoke,ENG,1476.37
2025-06-01,Sunderland,ENG,1547.1
2025-06-01,Swansea,ENG,1512.8
2025-06-01,Tottenham,ENG,1774.01
2025-06-01,Watford,ENG,1472.01
2025-06-01,West Bromwich Albion,ENG,1537.86
2025-06-01,West Ham,ENG,1750.13
2025-06-01,Wolves,ENG,1735.76
